id,name,addr,city,ctry,code
1,1 MOBILE LIMITED,30 CITY ROAD,LONDON,UK,EC1Y 2AB
2,1 TECH LTD,57 CHARTERHOUSE STREET,LONDON,UK,EC1M 6HA
3,23 SNAPS LIMITED,16 BOWLING GREEN LANE,LONDON,UK,EC1R 0BD
4,2E2 SERVICES LIMITED,200 200 ALDERSGATE ALDERSGATE STREET,LONDON,UK,EC1A 4HD
5,2E2 UK LIMITED,200 ALDERSGATE ALDERSGATE STREET,LONDON,UK,EC1A 4HD
6,40 50 MEDIA LTD,145-157 ST JOHN STREET ,LONDON,UK,EC1V 4PW
7,4D DATA CENTRES LIMITED,30 CITY ROAD,LONDON,UK,EC1 2AB
8,4GETMOBILE LIMITED,152 KEMP HOUSE CITY ROAD,LONDON,UK,EC1V 2NX
9,4SL CONSULTING LIMITED,4 SNOW HILL ,LONDON,UK,EC1A 2DJ
10,4TC SERVICES LIMITED,355 GOSWELL ROAD ,LONDON,UK,EC1V 7JL
11,A-INFINITY LIMITED,"AKIN PALMER LLP 3, ANGEL GATE 326 CITY ROAD",LONDON,UK,EC1V 2PT
12,A-TEK SOLUTIONS LIMITED,KEMP HOUSE 152-160 CITY ROAD,LONDON,UK,EC1V 2NX
13,A.I. TALENT LTD,LONGBOW HOUSE CHISWELL STREET,LONDON,UK,EC1Y 4TW
14,AAA CONSULT LTD,2ND FLOOR 145-157 ST. JOHN STREET,LONDON,UK,EC1V 4PY
15,AARDVARK UPRISING LIMITED,UNIT 36 88-90 HATTON GARDEN,LONDON,UK,EC1N 8PN
16,AB TECHSYS LTD,INTERNATIONAL HOUSE 24 HOLBORN VIADUCT,LONDON,UK,EC1A 2BN
17,ABLINX LIMITED,"7TH FLOOR, 16 ST. MARTIN'S LE GRAND",LONDON,UK,EC1A 4EE
18,ABSU LIMITED,THIRD FLOOR 111 CHARTERHOUSE STREET,LONDON,UK,EC1M 6AW
19,ABV SOLUTIONS LTD,C/O CAYOS CONSULTING SERVICES 40 BOWLING GREEN LANE,LONDON,UK,EC1R 0NE
20,ACTION FOR THE FUTURE LTD,145-157 ST JOHN STREET ,LONDON,UK,EC1V 4PW
21,ACTIVATED THINKING LIMITED,KEMP HOUSE 152 CITY ROAD,LONDON,UK,EC1V 2NX
22,ACTIVON PROJECTS LIMITED,INTERNATIONAL HOUSE 24 HOLBORN VIADUCT,CITY OF LONDON|LONDON,UK,EC1A 2BN
23,ACTURIS LIMITED,COURTYARD SUITE 100 HATTON GARDEN,LONDON,UK,EC1N 8NX
24,AD PEPPER MEDIA UK LIMITED,20 FARRINGDON ROAD ,LONDON,UK,EC1M 3HE
25,ADCOMPASS LTD.,6-8 SYCAMORE STREET ,LONDON,UK,EC1Y 0SW
26,ADD TO CART LTD,145-157 ST JOHN STREET ,LONDON,UK,EC1V 4PW
27,ADFORM LONDON LIMITED,GATE HOUSE 1 ST JOHN'S SQUARE,LONDON,UK,EC1M 4DH
28,ADLUDIO LIMITED,1 HARDWICK STREET HARDWICK STREET,LONDON,UK,EC1R 4RB
29,AFIN-IT GROUP LIMITED,KEMP HOUSE 160 CITY ROAD,LONDON,UK,EC1V 2NX
30,AFTER THE FLOOD LIMITED,140-142 ST. JOHN STREET ,LONDON,UK,EC1V 4UB
31,AGILE ALLIANCE LIMITED,24 INTERNATIONAL HOUSE HOLBORN VIADUCT,LONDON,UK,EC1A 2BN
32,AGM SOLUTIONS LIMITED,152 KEMP HOUSE CITY ROAD,LONDON,UK,EC1V 2NX
33,AGOC DIGITAL PRIVATE LIMITED,KEMP HOUSE 160 CITY ROAD,LONDON,UK,EC1V 2NX
34,AI CONTROLPOINT LIMITED,LONGBOW HOUSE CHISWELL STREET,LONDON,UK,EC1Y 4TW
35,AIM ITC LTD,UNIT/OFFICE 36 88-90 HATTON GARDEN,LONDON,UK,EC1N 8PG
36,ALCHEMYWORKS LTD,KEMP HOUSE 160 CITY ROAD,LONDON,UK,EC1V 2NX
37,ALCHERA TECHNOLOGIES LIMITED,INTERNATIONAL HOUSE 24 HOLBORN VIADUCT CITY OF LONDON,LONDON,UK,EC1A 2BN
38,ALMARADIX LTD,145-157 ST JOHN STREET ,LONDON,UK,EC1V 4PW
39,ALTIASERVICES LTD.,KEMP HOUSE 152 CITY ROAD,LONDON,UK,EC1V 2NX
40,ALTIATECH LTD,152 CITY ROAD ,LONDON,UK,EC1V 2NX
41,AM TECHNICAL LIMITED,DEVONSHIRE HOUSE 60 GOSWELL ROAD,LONDON,UK,EC1M 7AD
42,AMBIENCE INVESTMENT LTD,145-157 ST JOHN STREET ,LONDON,UK,EC1V 4PW
43,AMISSION LTD,LANDON SEAMER 335 CITY ROAD,LONDON,UK,EC1V 1LJ
44,AMLEU SOFTWARE DEVELOPMENT UK LIMITED,1 CHARTERHOUSE MEWS ,LONDON,UK,EC1M 6BB
45,ANGELLIST LIMITED,2ND FLOOR WHITE BEAR YARD CLERKENWELL ROAD,LONDON,UK,EC1R 5DF
46,ANGLO PAK SOLUTION LIMITED,"KEMP HOUSE,152 CITY ROAD",LONDON,UK,EC1V 2NX
47,ANOMALIES LIMITED,123 ALDERSGATE STREET ,LONDON,UK,EC1A 4JQ
48,ANVIL RECRUITMENT LIMITED,KEMP HOUSE 152 CITY ROAD,LONDON,UK,EC1V 2NX
49,APP-ALACARTE LIMITED,KEMP HOUSE 160 CITY ROAD,LONDON,UK,EC1V 2NX
50,APPDRAGON LIMITED,KEMP HOUSE 152 CITY ROAD,LONDON,UK,EC1V 2NX
51,ARCHON DEVELOPMENT UK LTD,SUITE A 6 HONDURAS STREET,LONDON,UK,EC1Y 0TH
52,ARCTOUS LIMITED,KEMP HOUSE 152 CITY ROAD,LONDON,UK,EC1V 2NX
53,ARCTREE CONSULTING LIMITED,GROUND FLOOR 1 BAKER'S ROW,LONDON,UK,EC1R 3DB
54,AREZA LIMITED,24 HOLBORN VIADUCT ,LONDON,UK,EC1A 2BN
55,ARGUS INTELLIGENCE LIMITED,152 KEMP HOUSE CITY ROAD,LONDON,UK,EC1V 2NX
56,ARKA ASSOCIATES LIMITED,24 INTERNATIONAL HOUSE HOLBORN VIADUCT,LONDON,UK,EC1A 2BN
57,ARROW DIGITAL MEDIA PRIVATE LIMITED,KEMP HOUSE 160 CITY ROAD,LONDON,UK,EC1V 2NX
58,ARTANEON LTD,ARTANEON LTD UNIT 36 88-90 HATTON GARDEN,LONDON,UK,EC1N 8PG
59,ARTESAN STUDIOS LIMITED,THE DRILL HALL 57A FARRINGDON ROAD,LONDON,UK,EC1M 3JB
60,ARTLINES MEDIA LIMITED,DEVONSHIRE HOUSE 60 GOSWELL ROAD,LONDON,UK,EC1M 7AD
61,ARUBACLOUD LIMITED,17-18 AYLESBURY STREET ,LONDON,UK,EC1R 0DB
62,ASITY LTD,INTERNATIONAL HOUSE HOLBORN VIADUCT,LONDON,UK,EC1A 2BN
63,ASSERTIVE MEDIA SOLUTIONS LTD,INTERNATIONAL HOUSE HOLBORN VIADUCT,LONDON,UK,EC1A 2BN
64,ASSET ICT LTD,OFFICE 36 88-90 HATTON GARDEN,LONDON,UK,EC1N 8PN
65,ATRI SERVICES LTD,KEMP HOUSE 152-160 CITY RD,LONDON,UK,EC1V 2NX
66,ATTICMEDIA LIMITED,WESTBURY 2ND FLOOR 145-157 ST JOHN STREET,LONDON,UK,EC1V 4PY
67,AUDEZA LTD,KEMP HOUSE 152 CITY ROAD,LONDON,UK,EC1V 2NX
68,AVENIR TECHNOLOGY LIMITED,SUITE A 6 HONDURAS STREET,LONDON,UK,EC1Y 0TH
69,AYIMA LIMITED,SUITE 1A 1 LINDSEY STREET,LONDON,UK,EC1A 9HP
70,AYSCIO LTD,145-157 ST JOHN STREET ,LONDON,UK,EC1V 4PW
71,AZUROS LIMITED,KEMP HOUSE 152-160 CITY ROAD,LONDON,UK,EC1V 2NX
72,BABY BEAUTY GROUP LTD.,KEMP HOUSE 160 CITY ROAD,LONDON,UK,EC1V 2NX
73,BACKUP AND RUNNING PLC,LONGBOW HOUSE CHISWELL STREET,LONDON,UK,EC1Y 4TW
74,BCSG LTD,130 OLD STREET ,LONDON,UK,EC1V 9BD
75,BEDBUG STUDIO LTD,1 CHARTERHOUSE MEWS ,LONDON,UK,EC1M 6BB
76,BEDROOM LONDON LIMITED,15 BOWLING GREEN LANE ,LONDON,UK,EC1R 0BD
77,BEMOIR LIMITED,KEMP HOUSE 152 CITY ROAD,LONDON,UK,EC1V 2NX
78,BEN YOUNG CONSULTANCY LTD,SUITE 34 67-68 HATTON GARDEN,LONDON,UK,EC1N 8JY
79,BETTER CITIES LIMITED,URBAN INNOVATION CENTRE 1 SEKFORDE STREET,LONDON,UK,EC1R 0BE
80,BETTER WEB SOLUTIONS LIMITED,KEMP HOUSE 160 CITY ROAD,LONDON,UK,EC1V 2NX
81,BIFF TRADING LIMITED,24 GREVILLE STREET ,LONDON,UK,EC1N 8SS
82,BIOSCITEX LTD.,152 CITY RD ,LONDON,UK,EC1V 2NX
83,BITOK LTD,KEMP HOUSE 160 CITY ROAD,LONDON,UK,EC1V 2NX
84,BIZ ANALYSIS SERVICES LTD,108 WORCESTER POINT CENTRAL STREET,LONDON,UK,EC1V 8BJ
85,BLAHTECH LIMITED,15 BOWLING GREEN LANE ,LONDON,UK,EC1R 0BD
86,BLANCHE SYSTEMS LIMITED,GROUND FLOOR 1 BAKER'S ROW,LONDON,UK,EC1R 3DB
87,BLINKIT LIMITED,CENTRAL HOUSE 142 CENTRAL STREET,LONDON,UK,EC1V 8AR
88,BLUE VISION CONSULTING LTD,88-90 HATTON GARDEN ,LONDON,UK,EC1N 8PG
89,BLUESHED.CO.UK LIMITED,28 ELY PLACE 3RD FLOOR,LONDON,UK,EC1N 6TD
90,BM STUDIOS LIMITED,KEMP HOUSE CITY ROAD,LONDON,UK,EC1V 2NX
91,BODOR LIMITED,SUITE 36 88-90  HATTON GARDEN HOLBORN,LONDON,UK,EC1N 8PN
92,BOENISCH LIMITED,SUITE 48 88-90 HATTON GARDEN,LONDON,UK,EC1N 8PN
93,BOLYX INVESTMENTS LIMITED,145-157 ST. JOHN STREET ,LONDON,UK,EC1V 4PW
94,BONDSMEN GROUP LTD,"INTERNATIONAL HOUSE, 24 HOLBORN VIADUCT CITY OF LONDON",LONDON,UK,EC1A 2BN
95,BORDER CAPITAL LIMITED,GRESHAM HOUSE 24 HOLBORN VIADUCT,LONDON,UK,EC1A 2BN
96,BORNE DIGITAL LIMITED,63-66 (2ND FLOOR) HATTON GARDEN,LONDON,UK,EC1N 8LE
97,BOWATER DATA SERVICES LIMITED,200 ALDERSGATE ,LONDON,UK,EC1A 4HD
98,BRADLINK LTD,145-157 ST. JOHN STREET ,LONDON|ENGLAND,UK,EC1V 4PW
99,BRAINSHOWCASE LTD,145-157 ST JOHN STREET ,LONDON,UK,EC1V 4PW
100,BRAVOSOLUTION TECHNOLOGIES LTD,22-24 ELY PLACE ,LONDON,UK,EC1N 6TE
101,BRILLIO UK LIMITED,DEVONSHIRE HOUSE 60 GOSWELL ROAD,LONDON,UK,EC1M 7AD
102,BRISQQ LTD.,2 ANGEL SQUARE 2 ANGEL SQUARE,LONDON,UK,EC1V 1NY
103,BROADBAND &  HOSTING UK LIMITED,KEMP HOUSE 160 CITY ROAD,LONDON,UK,EC1V 2NX
104,BT CORNWALL LIMITED,81 NEWGATE STREET ,LONDON,UK,EC1A 7AJ
105,BT LANCASHIRE SERVICES LIMITED,81 NEWGATE STREET ,LONDON,UK,EC1A 7AJ
106,BURST TIMES LIMITED,ROOM 2 FINSBURY BUSINESS CENTRE 40 BOWLING GREEN LANE,LONDON,UK,EC1R 0NE
107,BUSINESS CENTRIC SERVICES GROUP LIMITED,130 OLD STREET ,LONDON,UK,EC1V 9BD
108,BYNDER LIMITED,45 LEATHER LANE ,LONDON,UK,EC1N 7TJ
109,CABLETECH NETWORKS LIMITED,KEMP HOUSE 152 CITY ROAD,LONDON,UK,EC1V 2NX
110,CAIMAN COMMUNICATIONS LIMITED,KEMP HOUSE 152 CITY ROAD,LONDON,UK,EC1V 2NX
111,CALLSQUAD LIMITED,UNIT 1.02 27/31 CLERKENWELL CLOSE,LONDON,UK,EC1R 0AT
112,CAMFOLIO LIMITED,KEMP HOUSE 152 CITY ROAD,LONDON,UK,EC1V 2NX
113,CAPILLA LIMITED,101 CLERKENWELL ROAD ,LONDON,UK,EC1R 5BX
114,CARRINGTON SOLUTIONS LTD,BM ADVISORY 82 ST JOHN STREET,LONDON,UK,EC1M 4JN
115,CASE ANALYSIS SOLUTIONS LIMITED,SUITE 36 88-90 HATTON GARDEN,LONDON,UK,EC1N 8PG
116,CASH ON MOBILE LTD,145-157 ST JOHN STREET ,LONDON,UK,EC1V 4PW
117,CATIPH SERVICES LIMITED,80-83 LONG LANE ,LONDON,UK,EC1A 9ET
118,CEE CHANGERS LTD,145-157 ST. JOHN STREET ,LONDON,UK,EC1V 4PW
119,CEELOGIC LIMITED,145-157 ST JOHN STREET ,LONDON,UK,EC1V 4PW
120,CELERITY INFORMATION SERVICES LIMITED,82 ST JOHN STREET,LONDON,UK,EC1M 4JN
121,CENTRILLIUM LIMITED,2ND FLOOR 145-157 ST JOHN STREET,LONDON,UK,EC1V 4PY
122,CHANNEL-C LIMITED,1-3 DUFFERIN STREET ,LONDON,UK,EC1Y 8NA
123,CHERRYPICKIT LTD,5 ST. JOHN'S LANE ,LONDON,UK,EC1M 4BH
124,CHI DIGITAL DESIGN LTD.,"INTERNATIONAL HOUSE 24 HOLBORN VIADUCT, CITY OF LONDON",LONDON,UK,EC1A 2BN
125,CHOCOLATEY LIMITED,INTERNATIONAL HOUSE 24 HOLBORN VIADUCT,LONDON,UK,EC1A 2BN
126,CIRCUIT BAKERY LTD,15 BOWLING GREEN LANE ,LONDON,UK,EC1R 0BD
127,CISILION (GROUP) LIMITED,150 ALDERSGATE STREET ,LONDON,UK,EC1A 4AB
128,CISILION LIMITED,150 ALDERSGATE STREET ,LONDON,UK,EC1A 4AB
129,CLEAR CONSULTING LIMITED,THE CHEMISTRY LAB 57 KINGSWAY PLACE SANS WALK,LONDON,UK,EC1R 0LY
130,CLEBBR LTD,KEMP HOUSE 160 CITY ROAD,LONDON,UK,EC1V 2NX
131,CLICK A SERVICE LIMITED,KEMP HOUSE 160 CITY ROAD,LONDON,UK,EC1V 2NX
132,CLICK PERFORMANCE LIMITED,SUITE 1 6 OWEN STREET,LONDON,UK,EC1V 7JX
133,CLICK PROFITS LTD,KEMP HOUSE 152 CITY ROAD,LONDON,UK,EC1V 2NX
134,CLICKS2CUSTOMERS (UK) LIMITED,80-83 LONG LANE ,LONDON,UK,EC1A 9ET
135,CLICKUNI LTD,145-157 ST. JOHN STREET ,LONDON,UK,EC1V 4PW
136,CLIENTWIRE LTD,KEMP HOUSE 160 CITY ROAD,LONDON,UK,EC1V 2NX
137,CLOUD VEND LIMITED,KEMP HOUSE 160 CITY ROAD,LONDON,UK,EC1V 2NX
138,CLOUDBIZ LIMITED,SUITE 36 88-90 HATTON GARDON,LONDON,UK,EC1N 8PG
139,CLOUDE-SCORM LIMITED,KEMP HOUSE 152-160 CITY ROAD,LONDON,UK,EC1V 2NX
140,CLOUDIFIE LIMITED,INTERNATIONAL HOUSE 24 HOLBORN VIADUCT,LONDON,UK,EC1A 2BN
141,CO-D LONDON LIMITED,FINSGATE 5-7 CRANWOOD STREET,LONDON,UK,EC1V 9EE
142,COBWEB OUTSOURCE LIMITED,130 OLD STREET ,LONDON,UK,EC1V 9BD
143,COGNITIVE FINANCE GROUP LTD,KEMP HOUSE 160 CITY ROAD,LONDON,UK,EC1V 2NX
144,COGNITIVE OPTIMUM LTD,KEMP HOUSE 160 CITY ROAD,LONDON,UK,EC1V 2NX
145,COLLABERA EUROPE LIMITED,DEVONSHIRE HOUSE 60 GOSWELL ROAD,LONDON,UK,EC1M 7AD
146,COLUX RECRUITMENT LIMITED,130 OLD STREET ,LONDON,UK,EC1V 9BD
147,COMMERA CAPITAL LTD,OFFICE 36 88-90 HATTON GARDEN,LONDON,UK,EC1N 8PG
148,COMPIT COMPUTING LTD,82 ST. JOHN STREET ,LONDON,UK,EC1M 4JN
149,COMPOUND FREEDOM LIMITED,KEMP HOUSE 160 CITY ROAD,LONDON,UK,EC1V 2NX
150,COMPUSERVICES LTD,INTERNATIONAL HOUSE HOLBORN VIADUCT,LONDON,UK,EC1A 2BN
151,COMPUTAGEEKS LIMITED,RAMON LEE AND PARTNERS KEMP HOUSE 152-160 CITY ROAD,LONDON,UK,EC1V 2DW
152,COMPUTER TERRORISM (UK) LTD,2ND FLOOR 145-157 ST.JOHN STREET,LONDON,UK,EC1V 4PY
153,COMYOUCOM LTD,DEPARTMENT 16 101 CLERKENWELL ROAD,LONDON,UK,EC1R 5BX
154,CONCRETE MEDIA LIMITED,HARELLA HOUSE 2ND FLOOR 90-98 GOSWELL ROAD,LONDON,UK,EC1V 7DF
155,CONSERP LIMITED,30 CITY ROAD ,LONDON,UK,EC1Y 2AB
156,CONSULTING SPIRIT LIMITED,C/O GROSS KLEIN 5 ST. JOHN'S LANE,LONDON,UK,EC1M 4BH
157,CONSUMERTHINK UK LTD,KEMP HOUSE 160 CITY ROAD,LONDON,UK,EC1V 2NX
158,CONTEC-GLOBAL LIMITED,KLACO HOUSE 28-30 SAINT JOHNS SQUARE,LONDON,UK,EC1M 4DN
159,CONTORNO-INK LIMITED,EDWARD BALDRY INTERNATIONAL HOUSE 24 HOLBORN VIADUCT,LONDON,UK,EC1A 2BN
160,COOLEA DEVELOPERS LIMITED,GROUND FLOOR 1 BAKER'S ROW,LONDON,UK,EC1R 3DB
161,CRAFTS AND LOOMS LIMITED,372 OLD STREET ,LONDON,UK,EC1V 9AU
162,CRASH MEDIA GROUP LIMITED,78 - 80 ST. JOHN STREET ,LONDON,UK,EC1M 4EH
163,CREATIVENERDS LTD,LOWER GROUND FLOOR 111 CHARTERHOUSE STREET,LONDON,UK,EC1M 6AW
164,CREDIT MARKET ANALYSIS LIMITED,MILTON GATE 60 CHISWELL STREET,LONDON,UK,EC1Y 4SA
165,CRESCENDO WORLDWIDE LIMITED,145-157 ST. JOHN STREET ,LONDON,UK,EC1V 4PW
166,CRIBFINDER LTD,KEMP HOUSE 152 CITY ROAD,LONDON,UK,EC1V 2NX
167,CROGTECH LTD,145-157 ST JOHN STREET ,LONDON,UK,EC1V 4PW
168,CROSSITE LTD,FINSGATE 5-7 CRANWOOD STREET,LONDON,UK,EC1V 9EE
169,CROWDSCORES LTD,28 ELY PLACE ,LONDON,UK,EC1N 6TD
170,CRUCIAL MEDIA GROUP LTD.,KEMP HOUSE 152 CITY ROAD,LONDON,UK,EC1V 2NX
171,CSVCONSULT LTD,KEMP HOUSE 160 CITY ROAD,LONDON,UK,EC1V 2NX
172,CT CONSULTANTS LTD,145-157 ST JOHN STREET ,LONDON,UK,EC1V 4PW
173,CTS TECHNOLOGY LTD,INTERNATIONAL HOUSE 24 HOLBORN VIADUCT,LONDON,UK,EC1A 2BN
174,CUBE 33 DESIGN LIMITED,C/O KLSA CHARTERED ACCOUNTANTS KLACO HOUSE 28-30 ST. JOHN'S SQUARE,LONDON,UK,EC1M 4DN
175,CUBE19 LIMITED,THIRD FLOOR 111 CHARTERHOUSE STREET,LONDON,UK,EC1M 6AW
176,CYBACORE LTD,KEMP HOUSE 152 CITY ROAD,LONDON,UK,EC1V 2NX
177,CYBERISK SECURITY SOLUTION (UK) LIMITED,1 CHARTERHOUSE MEWS ,LONDON,UK,EC1M 6BB
178,DALMARTIN LTD,145-157 ST. JOHN STREET ,LONDON,UK,EC1V 4PW
179,DANDAN DIGITAL LTD,57-61 CHARTERHOUSE STREET ,LONDON,UK,EC1M 6HA
180,DAOTEC LTD,WESTBURY 2ND FLOOR 145-157 ST JOHN STREET,LONDON,UK,EC1V 4PY
181,DASHHOUND LTD,KEMP HOUSE 160 CITY ROAD,LONDON,UK,EC1V 2NX
182,DATA SYNOPSIS LIMITED,GROUND FLOOR 1 BAKER'S ROW,LONDON,UK,EC1R 3DB
183,DAZZLE TECHNOLOGY LIMITED,50 FARRINGDON ROAD ,LONDON,UK,EC1M 3HE
184,DC INTELLIGENCE LIMITED,KEMP HOUSE 160 CITY ROAD,LONDON,UK,EC1V 2NX
185,DEALPIPS LTD,145-157 ST JOHN STREET ,LONDON,UK,EC1V 4PW
186,DECIMAL FACTOR SOFTWARE LIMITED,145-157 ST JOHN STREET ,LONDON,UK,EC1V 4PW
187,DECODE DIGITAL LTD,145-157 ST. JOHN STREET ,LONDON,UK,EC1V 4PW
188,DEENATH LIMITED,GOUND FLOOR 1 BAKER'S ROW,LONDON,UK,EC1R 3DB
189,DELBRY LTD,GROUND FLOOR 1 BAKER'S ROW,LONDON,UK,EC1R 3DB
190,DELIVER BRAND MARKETING LTD,34 NEW HOUSE 67-68 HATTON GARDENS,LONDON,UK,EC1N 8JY
191,DENTAL BUSINESS BUTLERS LIMITED,SUITE 36 88-90 HATTON GARDEN HOLBORN,LONDON,UK,EC1N 8PG
192,DESIGN AND PROSPER LIMITED,LEVEL 3 91-93 FARRINGDON RD,LONDON,UK,EC1M 3LN
193,DESIGN FOR ME LIMITED,80-83 LONG LANE ,LONDON,UK,EC1A 9ET
194,DESIGNOPOLY LIMITED,KEMP HOUSE 152-160 CITY ROAD,LONDON,UK,EC1V 2NX
195,DHPM LIMITED,2ND FLOOR 145-157 ST JOHN STREET,LONDON,UK,EC1V 4PY
196,DIG LONDON LIMITED,57-61 CHARTERHOUSE STREET ,LONDON,UK,EC1M 6HA
197,DIGIPOLIS LIMITED,15 BOWLING GREEN LANE ,LONDON,UK,EC1R 0BD
198,DIGITAL ACUMEN PLC,KEMP HOUSE 152-160 CITY ROAD,LONDON,UK,EC1V 2DW
199,DIGITAL CAPACITY LIMITED,KEMP HOUSE 160 CITY ROAD,LONDON,UK,EC1V 2NX
200,DIGITAL GOODS STORE LTD,INTERNATIONAL HOUSE 24 HOLBORN VIADUCT,LONDON|CITY OF LONDON,UK,EC1A 2BN
201,DIGITAL HUB MEDIA PRIVATE LIMITED,KEMP HOUSE 160 CITY ROAD,LONDON|LONDON,UK,EC1V 2NX
202,DIGITAL INCLUSION TECHNOLOGY GROUP (CST PROGRAMMES) LIMITED,30 CITY ROAD ,LONDON,UK,EC1Y 2AB
203,DIGITAL INCLUSION TECHNOLOGY GROUP (IAP) LIMITED,30 CITY ROAD ,LONDON,UK,EC1Y 2AB
204,DIGITAL INK DROP C.I.C.,INTERNATIONAL HOUSE 24 HOLBORN VIADUCT,LONDON,UK,EC1A 2BN
205,DIMANCHE LIMITED,GROUND FLOOR 1 BAKER'S ROW,LONDON,UK,EC1R 3DB
206,DISPATCH MESSENGER LIMITED,THE TRAMPERY 239 OLD STREET,LONDON,UK,EC1V 9EY
207,DMS NETWORK LIMITED,KEMP HOUSE 152-160 CITY ROAD,LONDON,UK,EC1V 2NX
208,DOMAIN SECURITIES LIMITED,KEMP HOUSE 152 CITY ROAD,LONDON,UK,EC1V 2NX
209,DREAMBYTE STUDIO LTD,"KEMP HOUSE, 152-160 CITY ROAD",LONDON,UK,EC1V 2NX
210,DREW AND GREGORIES LTD,SUITE 36 88-90 HATTON GARDEN,HOLBORN|LONDON,UK,EC1N 8PN
211,DRG TEC LIMITED,GF 1 BAKER'S ROW,LONDON,UK,EC1R 3DB
212,DRP WICKHAM CONSULTANCY LIMITED,145-157 ST. JOHN ST. JOHN STREET,LONDON,UK,EC1V 4PW
213,DT TECHNOLOGY LTD,"KEMP HOUSE, 152 CITY ROAD",LONDON,UK,EC1V 2NX
214,DTM INVEST LIMITED,130 OLD STREET ,LONDON,UK,EC1V 9BD
215,E&S SOFTWARE LTD,10 COLDBATH SQUARE ,LONDON,UK,EC1R 5HL
216,EALING MANAGEMENT ACCOUNTANCY LIMITED,KEMP HOUSE 152 CITY ROAD,LONDON,UK,EC1V 2NX
217,EASYWARE SOFTWARE SOLUTIONS LIMITED,145-157 ST JOHN STREET ,LONDON,UK,EC1V 4PY
218,EC1 TECHNOLOGIES LIMITED,PETERSHAM HOUSE 57A HATTON GARDEN,LONDON,UK,EC1N 8JN
219,ECHOSIXTY LIMITED,INTERNATIONAL HOUSE 24 HOLBORN VIADUCT,LONDON,UK,EC1A 2BN
220,EI SQUARE LIMITED,GROUND FLOOR 1 BAKER'S ROW,LONDON,UK,EC1R 3DB
221,EKTBLY LTD,145-157 ST JOHN STREET ,LONDON,UK,EC1V 4PW
222,ELECTRONIC MARKET SYSTEMS LTD,82 ST JOHN STREET ,LONDON,UK,EC1M 4JN
223,ELITE TECHNOLOGICAL SOLUTIONS LTD,INTERNATIONAL HOUSE 24 HOLBORN VIADUCT,LONDON,UK,EC1A 2BN
224,ENRO SOLUTIONS LIMITED,145-157 ST JOHN STREET ,LONDON,UK,EC1V 4PW
225,ENTROM LIMITED,SUITE 36 88-90 HATTON GARDEN,LONDON,UK,EC1N 8PG
226,ENVISION MEDIA &  PUBLICATIONS LIMITED,KEMP HOUSE 160 CITY ROAD,LONDON,UK,EC1V 2NX
227,EQ ENTERPRISES LIMITED,KEMP HOUSE 160 CITY ROAD,LONDON,UK,EC1V 2NX
228,ERICA LABS LTD,KEMP HOUSE 160 CITY ROAD,LONDON,UK,EC1V 2NX
229,ESCHMANN LIMITED,KEMP HOUSE 152-160 CITY ROAD,LONDON,UK,EC1V 2DW
230,ESTORA LTD,FINSGATE 5-7 CRANWOOD STREET,LONDON,UK,EC1V 9EE
231,EUMIS LIMITED,15 BOWLING GREEN LANE ,LONDON,UK,EC1R 0BD
232,EUREKA NETWORKS LIMITED,UNIT 34 67-68 HATTON GARDEN,LONDON,UK,EC1N 8JY
233,EUROPEAN CENTRE FOR RESEARCH &  CONSULTANCY LTD,24 HOLBORN VIADUCT ,LONDON,UK,EC1A 2BN
234,EVA GALO LTD.,KEMP HOUSE 160 CITY ROAD,LONDON,UK,EC1V 2NX
235,EVORI LIMITED,16 BOWLING GREEN LANE ,LONDON,UK,EC1R 0BD
236,EXACT EDITIONS LIMITED,COLONIAL BUILDINGS 59 - 61 HATTON GARDEN,LONDON,UK,EC1N 8LS
237,EXCEL IT TECHNOLOGIES LTD,145-157 ST JOHN STREET ,LONDON,UK,EC1V 4PY
238,EXPATGLOBAL LIMITED,82 ST JOHN STREET ,LONDON,UK,EC1M 4JN
239,EXPOSHOPS LTD,152 CITY ROAD ,LONDON,UK,EC1V 2NX
240,EXTREME ELECTRONICS LTD.,80-83 LONG LANE ,LONDON,UK,EC1A 9ET
241,EXWAL LTD.,"KEMP HOUSE, 152 CITY ROAD, LONDON EC1V 2NX",LONDON,UK,EC1V 2NX
242,F6S NETWORK LIMITED,152-160 KEMP HOUSE CITY ROAD,LONDON,UK,EC1V 2NX
243,FACTOM FOUNDATION LIMITED,150 ALDERSGATE STREET ,LONDON,UK,EC1A 4AB
244,FALLYFIN IT &  ELECTRONICS LTD.,372 OLD STREET ,LONDON,UK,EC1V 9AU
245,FAN DOMAINS LTD,145-157 ST JOHN STREET ,LONDON,UK,EC1V 4PW
246,FARNTRON LIMITED,"C/O AMIN PATEL AND SHAH ACCOUNTANTS, 334-336 GOSWELL ROAD",LONDON,UK,EC1V 7RP
247,FEELSFLOW LTD,KEMP HOUSE 160 CITY ROAD,LONDON,UK,EC1V 2NX
248,FENERGO UK LIMITED,200 ALDERSGATE ,LONDON,UK,EC1A 4HD
249,FENGSTONE UK LTD,145-157 ST JOHN STREET ,LONDON,UK,EC1V 4PW
250,FINTIA LTD,INTERNATIONAL HOUSE 24 HOLBORN VIADUCT,LONDON,UK,EC1A 2BN
251,FIRE MEDIA INTERACTIVE LTD,KEMP HOUSE 152-160 CITY ROAD,LONDON,UK,EC1V 2NX
252,FIREBIRD MEDIA LIMITED,KEMP HOUSE 160 CITY ROAD,LONDON,UK,EC1V 2NX
253,FIRST EASYTEC LTD,KEMP HOUSE CITY ROAD 152,LONDON,UK,EC1V 2NX
254,FISHEREK LIMITED,C/O GOLDER BAQA GROUND FLOOR 1 BAKER'S ROW,LONDON,UK,EC1R 3DB
255,FLASH CLOUD SOLUTIONS LIMITED,INTERNATIONAL HOUSE HOLBORN VIADUCT,LONDON,UK,EC1A 2BN
256,FLIP SPORTS LIMITED,24 GREVILLE STREET ,LONDON,UK,EC1N 8SS
257,FLOWSTATE LIMITED,C/O WESTBURY 2ND FLOOR 145-157 ST JOHN STREET,LONDON,UK,EC1V 4PY
258,FLOYD TECHNOLOGIES LIMITED,80-83 LONG LANE ,LONDON,UK,EC1A 9ET
259,FLUID ADS LIMITED,4TH FLOOR 35-39 OLD STREET,LONDON,UK,EC1V 9HX
260,FOOTFALLS LIMITED,SUITE 48 88-90 HATTON GARDEN,LONDON,UK,EC1N 8PN
261,FOR TOMORROW LTD,INTERNATIONAL HOUSE 24 HOLBORN VIADUCT,LONDON,UK,EC1A 2BN
262,FOREX ADVISER LIMITED,26-28 ELY PLACE 3RD FLOOR,LONDON,UK,EC1N 6TD
263,FORIS HOLDINGS LIMITED,KEMP HOUSE 160 CITY ROAD,LONDON,UK,EC1V 2NX
264,FOURCUBE LIMITED,KEMP HOUSE 152-160 CITY ROAD,LONDON,UK,EC1V 2DW
265,FREAKINWARE LIMITED,KEMP HOUSE 152 - 160 CITY ROAD,LONDON,UK,EC1V 2NX
266,FRIENDSHIPUK LTD,145-157 ST. JOHN STREET ,LONDON,UK,EC1V 4PW
267,FROGNATION LTD.,FINSGATE 5-7 CRANWOOD STREET,LONDON,UK,EC1V 9EE
268,FRUUMI LIMITED,KEMP HOUSE 160 CITY ROAD,LONDON,UK,EC1V 2NX
269,FUNKY LEMON WEB LTD,145-157 ST JOHN STREET ,LONDON,UK,EC1V 4PW
270,FURTHERMORE LTD,411 DAVINA HOUSE 137-149 GOSWELL ROAD,LONDON,UK,EC1V 7ET
271,FUTURA TECHNOLOGIES LIMITED,OFFICE 34 67-68 HATTON GARDEN NEW HOUSE,LONDON,UK,EC1N 8JY
272,GENERALCONSULT LIMITED,34 NEW HOUSE 67-68 HATTON GARDEN,LONDON,UK,EC1N 8JY
273,GENESIS GLOBAL TECHNOLOGY LIMITED,C/O GOLDER BAQA GROUND FLOOR 1 BAKER'S ROW,LONDON,UK,EC1R 3DB
274,GENESIS TECHNOLOGY ARCHITECTURE LIMITED,C/O GOLDER BAQA GROUND FLOOR 1 BAKER'S ROW,LONDON,UK,EC1R 3DB
275,GEOHUBB LIMITED,KEMP HOUSE 160 CITY ROAD,LONDON,UK,EC1V 2NX
276,GEORGIE LIMITED,LASER HOUSE 132-140 GOSWELL ROAD,LONDON,UK,EC1V 7DY
277,GHOSTERY LIMITED,21 HOLBORN VIADUCT ,LONDON,UK,EC1A 2DY
278,GIOASS DOMAINS LIMITED,1 CHARTERHOUSE MEWS ,LONDON,UK,EC1M 6BB
279,GLOBAL PUBLISHING SOLUTIONS LTD,"DEVONSHIRE HOUSE, 60 GOSWELL ROAD",LONDON,UK,EC1M 7AD
280,GLOBAL TECHNOLOGY LONDON LIMITED,KEMP HOUSE 160 CITY ROAD,LONDON,UK,EC1V 2NX
281,GLOOMLASH INCORPORATION LIMITED,KEMP HOUSE 160 CITY ROAD,LONDON,UK,EC1V 2NX
282,GLOPAY LIMITED,145-157 ST JOHN STREET ,LONDON,UK,EC1V 4PW
283,GMCFAR LIMITED,KEMP HOUSE 160 CITY ROAD,LONDON,UK,EC1V 2NX
284,GOCARDLESS LTD,338-346 GOSWELL ROAD ,LONDON,UK,EC1V 7LQ
285,GOLDFISH DIGITAL MEDIA LIMITED,145-157 ST JOHN STREET ,LONDON,UK,EC1V 4PW
286,GOLDSTAR ELECTRONICS LTD,KEMP HOUSE 152 CITY ROAD,LONDON,UK,EC1V 2NX
287,GOLFERS' MATCH LIMITED,KEMP HOUSE 152-160 CITY ROAD,LONDON,UK,EC1V 2NX
288,GOMABU LIMITED,130 OLD STREET ,LONDON,UK,EC1V 9BD
289,GOOD IDEAS FOR INTERNET LTD,145-157 ST JOHN STREET ,LONDON,UK,EC1V 4PW
290,GOTHAM STREET UK LIMITED,DEVONSHIRE HOUSE 60 GOSWELL ROAD,LONDON,UK,EC1M 7AD
291,GREEN FIELDS TECHNOLOGY LIMITED,BIG STUDIOS 1 EAST POULTRY AVENUE,LONDON,UK,EC1A 9PT
292,GVC LIMITED,15 BUNHILL ROW ,LONDON,UK,EC1Y 8LP
293,GX2 TECHNOLOGY LIMITED,353-355 GOSWELL ROAD ,LONDON,UK,EC1V 7JL
294,HALAL SPOT LTD,KEMP HOUSE 152 CITY ROAD,LONDON,UK,EC1V 2NX
295,HANDYMARTIAN LTD,C/O GOLDER BAQA GROUND FLOOR 1 BAKER'S ROW,LONDON,UK,EC1R 3DB
296,HAYFORD RECRUITMENT LIMITED,LANSDOWNE HOUSE CITY FORUM 250 CITY ROAD,LONDON,UK,EC1V 2QZ
297,HAZELTREE TREASURY UK LTD.,THIRD FLOOR 24 CHISWELL STREET,LONDON,UK,EC1Y 4YX
298,HCF AUTOMATION LIMITED,KEMP HOUSE CITY ROAD,LONDON,UK,EC1V 2NX
299,HEALTHFORGE LTD,LASER HOUSE 132-140 GOSWELL ROAD,LONDON,UK,EC1V 7DY
300,HIGHGOLD COMMUNICATIONS LIMITED,145-157 ST. JOHN STREET ,LONDON,UK,EC1V 4PY
301,HOB CONSULTING LTD,145-157 ST JOHN STREET ,LONDON,UK,EC1V 4PW
302,HOMES YOU SHARE LIMITED,130 OLD STREET ,LONDON,UK,EC1V 9BD
303,HOPESTEAD MANAGEMENT LTD,145-157 ST JOHN STREET ,LONDON,UK,EC1V 4PW
304,HU BU LIMITED,GROUND FLOOR 1 BAKER'S ROW,LONDON,UK,EC1R 3DB
305,HUUPE LIMITED,3RD FLOOR 24 CHISWELL STREET,LONDON,UK,EC1Y 4YX
306,HYBRID SMART CONTRACTS MEDIA LIMITED,KEMP HOUSE 160 CITY ROAD,LONDON,UK,EC1V 2NX
307,HYDROAUTOMATION LTD,UNIT 36 88-90 HATTON GARDEN,LONDON,UK,EC1N 8PN
308,HYPERCYBERNETICS COMPUTATIONAL FINANCE RESEARCH CENTER LTD,145-157 ST JOHN STREET ,LONDON,UK,EC1V 4PW
309,IDEABUILDER LIMITED,CLERKENWELL WORKSHOPS 31 CLERKENWELL CLOSE,LONDON,UK,EC1R 0AT
310,IDN PROJECTS LIMITED,"KINGSTON SMITH LLP, DEVONSHIRE HOUSE 60 GOSWELL ROAD",LONDON,UK,EC1M 7AD
311,IGNITE UTILITY LIMITED,INTERNATIONAL HOUSE 24 HOLBORN VIADUCT,LONDON,UK,EC1A 2BN
312,ILAB LIMITED,THIRD FLOOR 112 CLERKENWELL ROAD,LONDON,UK,EC1M 5SA
313,IMPORT.IO LIMITED,30 CITY ROAD ,LONDON,UK,EC1Y 2AB
314,IMRAN BAIG MOBILE SOFTWARE TECHNOLOGIES LIMITED,C/O GOLDER BAQA GROUND FLOOR 1 BAKER'S ROW,LONDON,UK,EC1R 3DB
315,INCOMMON LTD,145-157 ST JOHN STREET ,LONDON,UK,EC1V 4PW
316,INFERENTIAL LTD,KEMP HOUSE 152 CITY ROAD,LONDON,UK,EC1V 2NX
317,INFINITY HOT TUBS LIMITED,C/O GOLDER BAQA GROUND FLOOR 1 BAKER'S ROW,LONDON,UK,EC1R 3DB
318,INFO STOR LIMITED,DEVONSHIRE HOUSE 60 GOSWELL ROAD,LONDON,UK,EC1M 7AD
319,INFODOCS LIMITED,KEMP HOUSE 152-160 CITY ROAD,LONDON,UK,EC1V 2NX
320,INFORMATION EXPERIENCE LIMITED,28 ELY PLACE 3RD FLOOR,LONDON,UK,EC1N 6TD
321,"INFORMATION SERVICES EXTENDED, UK LTD",150 ALDERSGATE STREET ,LONDON,UK,EC1A 4AB
322,INFORMATION TECHNOLOGY EUROPE PUBLIC SECTOR LIMITED,30 CITY ROAD ,LONDON,UK,EC1Y 2AB
323,INFOSAAS LTD,145-157 ST JOHN STREET ,LONDON,UK,EC1V 4PW
324,INFOSECO LTD,"152 KEMP HOUSE, CITY ROAD ",LONDON,UK,EC1V 2NX
325,INFYLINE LIMITED,145-157 ST JOHN STREET ,LONDON,UK,EC1V 4PW
326,INGENIOUS BUSINESS SOLUTIONS LIMITED,150 ALDERSGATE STREET ,LONDON,UK,EC1A 4AB
327,INKU CONSULTANTS LIMITED,"GROUND FLOOR , 1 BAKER'S ROW",LONDON,UK,EC1R 3DB
328,INNOVA8E LIMITED,KEMP HOUSE 160 CITY ROAD,LONDON,UK,EC1V 2NX
329,INSIGHT INTERNATIONAL (UK) LTD,145-157 ST JOHN STREET ,LONDON,UK,EC1V 4PW
330,INSOLYTICS LIMITED,KEMP HOUSE 160 CITY ROAD,LONDON,UK,EC1V 2NX
331,INSTAPRISE SOLUTIONS LIMITED,"SUITE 34, 68 HATTON GARDEN",LONDON,UK,EC1N 8JY
332,INTCOMMERCE LTD,2ND FLOOR 145-157 ST JOHN STREET,LONDON,UK,EC1V 4PY
333,INTEGRATION AND SOFTWARE LIMITED,4TH FLOOR CLERKS WELL HOUSE 20 BRITTON STREET,LONDON,UK,EC1M 5UA
334,INTERFAX UK LIMITED,THIRD FLOOR 24 CHISWELL STREET,LONDON,UK,EC1Y 4YX
335,INTERNET E-MAIL LIMITED,3 BAKER'S ROW ,LONDON,UK,EC1R 3DB
336,INTERPRETERS-ON-CALL LTD,THIRD FLOOR 12 EAST PASSAGE,LONDON,UK,EC1A 7LP
337,INTERPRETERSPORTAL LTD,THIRD FLOOR 12 EAST PASSAGE,LONDON,UK,EC1A 7LP
338,INVESTIN LTD,KEMP HOUSE 152-160 CITY ROAD,LONDON,UK,EC1V 2NX
339,IOLOGICS LIMITED,SUITE 10 MINERVA HOUSE 26-27 HATTON GARDEN,LONDON,UK,EC1N 8BR
340,IONOVA LIMITED,152-160 CITY ROAD ,LONDON,UK,EC1V 2NX
341,IPROCURE LIMITED,KEMP HOUSE 152-160 CITY ROAD,LONDON,UK,EC1V 2NX
342,IPUBLIC SOLUTIONS LIMITED,2ND FLOOR 145-157 ST JOHN STREET,LONDON,UK,EC1V 4PY
343,IQ PROFESSIONAL LIMITED,88-90 HATTON GARDEN ,LONDON,UK,EC1N 8PG
344,IQSYS SECURITY LTD,KEMP HOUSE 160 CITY ROAD,LONDON,UK,EC1V 2NX
345,IRATEU LTD,152 CITY ROAD ,LONDON,UK,EC1V 2NX
346,IRATEU VENTURES LTD,152 CITY ROAD ,LONDON,UK,EC1V 2NX
347,IRISATION LTD,INTERNATIONAL HOUSE 24 HOLBORN VIADUCT,LONDON,UK,EC1A 2BN
348,IS IT MEANT TO DO THAT? LTD,88 GOLDEN LANE ,LONDON|ISLINGTON,UK,EC1Y 0UA
349,ISTOP KIOSKS LIMITED,334 - 336 GOSWELL ROAD ,LONDON,UK,EC1V 7RP
350,IT SYSTEMS SOLUTIONS LIMITED,GROUND FLOOR 1 BAKER'S ROW,LONDON,UK,EC1R 3DB
351,IT XPERT LTD,ST JOHNS HOUSE 54 ST JOHN'S SQUARE,LONDON,UK,EC1V 4JL
352,ITEXTPORTAL LTD,KEMP HOUSE 152 CITY ROAD,LONDON,UK,EC1V 2NX
353,ITFINSG LTD,INTERNATIONAL HOUSE 24 HOLBORN VIADUCT,LONDON,UK,EC1A 2BN
354,ITSALLWEDO LIMITED,39 HATTON GARDEN ,LONDON,UK,EC1N 8EH
355,J.M. COMPUTING LIMITED,BIG STUDIOS 1 EAST POULTRY AVENUE,LONDON,UK,EC1A 9PT
356,JABO LTD,GROUND FLOOR 1 BAKER'S ROW,LONDON,UK,EC1R 3DB
357,JAJ CAPITAL LTD,UNIT 34 HATTON GARDEN,LONDON,UK,EC1N 8JY
358,JARVIS MARKETING LTD,137-139 WHITECROSS STREET ,LONDON,UK,EC1Y 8JL
359,JAVELIN BROADBAND LIMITED,28 ELY PLACE 3RD FLOOR,LONDON,UK,EC1N 6TD
360,JIGZONE.COM LIMITED,KLACO HOUSE 28-30 ST JOHN'S SQUARE,LONDON,UK,EC1M 4DN
361,JINITO LTD,KEMP HOUSE 160 CITY ROAD,LONDON,UK,EC1V 2NX
362,JMC. IT GROUP LIMITED,BIG STUDIOS 1 EAST POULTRY AVENUE,LONDON,UK,EC1A 9PT
363,JS INFORMATION SYSTEMS LIMITED,33 HOLBORN,LONDON,UK,EC1N 2HT
364,JULIUS CAESAR CONSULTANCY LTD,INTERNATIONAL HOUSE 24 HOLBORN VIADUCT,LONDON,UK,EC1A 2BN
365,JWR TRADING LIMITED,THIRD FLOOR 111 CHARTERHOUSE STREET,LONDON,UK,EC1M 6AW
366,KANDOLA LUXURIES LTD,145-157 ST JOHN STREET ,LONDON,UK,EC1V 4PW
367,KARTEPAY TECHNOLOGIES LTD,KEMP HOUSE 160 CITY ROAD,LONDON,UK,EC1V 2NX
368,KAWIKY LIMITED,30 ELY PLACE THIRD FLOOR OFFICE 30 ELY PLACE,LONDON,UK,EC1N 6TD
369,KEEBOO UK LTD,17TH FLOOR 200 ALDERSGATE STREET,LONDON,UK,EC1A 4HD
370,KEEP IT SIMPLE LIMITED,KEMP HOUSE 160 CITY ROAD,LONDON,UK,EC1V 2NX
371,KEMLING LTD,145-157 ST JOHN STREET ,LONDON,UK,EC1V 4PW
372,KENNETIQ LTD.,145-147 ST. JOHN STREET ,LONDON,UK,EC1V 4PW
373,KETZEN LTD,INTERNATIONAL HOUSE 24 HOLBORN VIADUCT,LONDON,UK,EC1A 2BN
374,KINGSTON WEB SERVICES LIMITED,KEMP HOUSE 160 CITY ROAD,LONDON,UK,EC1V 2NX
375,KITENZI LTD,INTERNATIONAL HOUSE 24 HOLBORN VIADUCT,LONDON,UK,EC1A 2BN
376,KIWANO LTD,KEMP HOUSE 152 CITY ROAD,LONDON,UK,EC1V 2NX
377,KIYATA LIMITED,KEMP HOUSE 152 CITY ROAD,LONDON,UK,EC1V 2NX
378,KLARKWERK LTD,GROUND FLOOR 1 BAKER'S ROW,LONDON,UK,EC1R 3DB
379,KNOWLEDGE WORKERS LIMITED,GROUND FLOOR 1 BAKER'S ROW,LONDON,UK,EC1R 3DB
380,KUKZY TECHNOLOGIES LIMITED,KEMP HOUSE 152 CITY ROAD,LONDON,UK,EC1V 2NX
381,LABGRAPHIQUE. LIMITED,LASER HOUSE 132-140 GOSWELL ROAD,LONDON,UK,EC1V 7DY
382,LADIES SAFE LTD,KEMP HOUSE 152-160 CITY ROAD,LONDON,UK,EC1V 2NX
383,LAPTOPFRIENDLY LTD,KEMP HOUSE 160 CITY ROAD,LONDON,UK,EC1V 2NX
384,LATTISPHERE LTD,33 EYRE STREET HILL ,LONDON,UK,EC1R 5ET
385,LAUGHTON IT SERVICES LIMITED,LASER HOUSE 132-140 GOSWELL ROAD,LONDON,UK,EC1V 7DY
386,LAURENCE POSTGATE LIMITED,28 ELY PLACE ,LONDON,UK,EC1N 6AA
387,LAZY FACTORY LTD,KEMP HOUSE 160 CITY ROAD,LONDON,UK,EC1V 2NX
388,LEAD LOGIC LTD,OFFICE 36 88-90 HATTON GARDEN,LONDON,UK,EC1N 8PG
389,LEAN PERSPECTIVE LTD,SILK HOUSE 61A GEE STREET,LONDON,UK,EC1V 3RS
390,LEFT SHIFT IT LIMITED,02-Jul CLERKENWELL GREEN,LONDON,UK,EC1R 0DE
391,LEGALEYE (INTERNATIONAL) LIMITED,SUITE 36 88-90 HATTON GARDEN,LONDON,UK,EC1N 8PG
392,LEGALSURE LTD,145-157 ST JOHN STREET ,LONDON,UK,EC1V 4PW
393,LEMON YETI MEDIA LTD,145-157 ST JOHN STREET ,LONDON,UK,EC1V 4PW
394,LENDERWIZE LIMITED,1 CHARTERHOUSE MEWS ,LONDON,UK,EC1M 6BB
395,LENOLA LTD,UNIT 36 88-90 HATTON GARDEN,LONDON,UK,EC1N 8PG
396,LIFE DESIGN GROUP LIMITED,KEMP HOUSE 160 CITY ROAD,LONDON,UK,EC1V 2NX
397,LIGHTNESS IT LTD,KEMP HOUSE 152 CITY ROAD,LONDON,UK,EC1V 2NX
398,LINKAGE DESIGN LIMITED,KEMP HOUSE 152-160 CITY ROAD,LONDON,UK,EC1V 2NX
399,LITTLEBIRD ONLINE LTD,"BIG STUDIOS, 1 EAST POULTRY AVENUE",LONDON,UK,EC1A 9PT
400,LIVE SMARTER LTD.,FIRST FLOOR THAVIES INN HOUSE 3-4 HOLBORN CIRCUS,LONDON,UK,EC1N 2HA
401,LOCALSTARS LTD,35-39 4TH FLOOR OLD STREET,LONDON,UK,EC1V 9HX
402,LOCATA (HOUSING SERVICES) LIMITED,3 BUNHILL ROW ,LONDON,UK,EC1Y 8YZ
403,LOGIC REPLACE LIMITED,KEMP HOUSE 160 CITY ROAD,LONDON,UK,EC1V 2NX
404,LOGIC SOFT LTD,KEMP HOUSE 160 CITY ROAD,LONDON,UK,EC1V 2NX
405,LOGINWORK LTD,INTERNATIONAL HOUSE 24 HOLBORN VIADUCT,LONDON,UK,EC1A 2BN
406,LOKI INTERNET LIMITED,INTERNATIONAL HOUSE 24 HOLBORN VIADUCT,LONDON,UK,EC1A 2BN
407,LONDON COLLEGE OF INFORMATION TECHNOLOGY LTD,34 NEW HOUSE 67-68 HATTON GARDEN,LONDON,UK,EC1N 8JY
408,LOYALTY PRIME LIMITED,DEVONSHIRE HOUSE 60 GOSWELL ROAD,LONDON,UK,EC1M 7AD
409,LUCKY YOU STUDIO LTD,INTERNATIONAL HOUSE 24 HOLBORN VIADUCT,LONDON,UK,EC1A 2BN
410,LUMINEA IT SOLUTIONS LIMITED,SUITE 48 88-90 HATTON GARDEN,LONDON,UK,EC1N 8PN
411,LUPON MEDIA LTD,FIRST FLOOR THAVIES INN HOUSE / 3-4 HOLBORN CIRCUS,LONDON,UK,EC1N 2HA
412,LUX REPAIR LTD,145-157 ST JOHN STREET ,LONDON,UK,EC1V 4PW
413,LYCOM CORPORATION LTD,145-157 ST JOHN STREET ,LONDON,UK,EC1V 4PW
414,LYTRIBE LTD,KEMP HOUSE 160 CITY ROAD,LONDON,UK,EC1V 2NX
415,M/A WORK LIMITED,15 BOWLING GREEN LANE ,LONDON,UK,EC1R 0BD
416,MAC CREATIONS LTD,KEMP HOUSE 152 CITY ROAD,LONDON,UK,EC1V 2NX
417,MADDOX MARKETING LTD,145-157 ST JOHN STREET ,LONDON,UK,EC1V 4PW
418,MAGENTA IT CONSULTING LTD,BM ADVISORY LLLP 82 ST JOHN STREET,LONDON,UK,EC1M 4JN
419,MAGNETIC IT LIMITED,16 ST. MARTIN'S LE GRAND ,LONDON,UK,EC1A 4EN
420,MAILJET SAAS LTD,INTERNATIONAL HOUSE 24 HOLBORN VIADUCT,LONDON,UK,EC1A 2BN
421,MANAGIS LTD,1 EAST POULTRY AVENUE EAST POULTRY AVENUE FIRST FLOOR,LONDON,UK,EC1A 9PT
422,MANDIANT LTD.,21 HOLBORN VIADUCT ,LONDON,UK,EC1A 2DY
423,MAR IT SERVICES LTD,KEMP HOUSE 160 CITY ROAD,LONDON,UK,EC1V 2NX
424,MASTER IN RESEARCH LTD,KEMP HOUSE 152 - 160 CITY ROAD,LONDON,UK,EC1V 2NX
425,MASTERING MEDIA (PRODUCTION ADVICE) LTD,KEMP HOUSE 152-160 CITY ROAD,LONDON,UK,EC1V 2NX
426,MASTERS OF CEREMONIES LIMITED,KEMP HOUSE 160 CITY ROAD,LONDON,UK,EC1V 2NX
427,MBA INFORMATION TECHNOLOGY LIMITED,7 PEARTREE STREET ,LONDON,UK,EC1V 3AS
428,MBA TECHNOLOGIES LIMITED,KEMP HOUSE 152 CITY ROAD,LONDON,UK,EC1V 2NX
429,MC ITS LIMITED,LASER HOUSE 132-140 GOSWELL ROAD,LONDON,UK,EC1V 7DY
430,MCLEOD ENTERPRISES LTD,145-157 ST. JOHN STREET ,LONDON,UK,EC1V 4PW
431,MEDECARD LIMITED,84 ST. JOHN STREET ,LONDON,UK,EC1M 4JN
432,MEDIA72 HOSTING LIMITED,OFFICE 36 88-90 HATTON GARDEN,LONDON,UK,EC1N 8PN
433,MEGANETWORK LTD,145-157 ST JOHN STREET ,LONDON,UK,EC1V 4PW
434,MENDI ASSOCIATES LIMITED,APEX HOUSE 24 59 BUNHILL ROW,LONDON,UK,EC1Y 8QW
435,MENUKOOL FOODS LIMITED,34 NEW HOUSE 67-68 HATTON GARDEN,LONDON,UK,EC1N 8JY
436,MILLHOUSE KAYSER LIMITED,80 OLD STREET ,LONDON,UK,EC1V 9AZ
437,MINT DIGITAL LIMITED,WHITE BEAR YARD 144A CLERKENWELL ROAD,LONDON,UK,EC1R 5DF
438,MIQAT TECHNOLOGIES LIMITED,KEMP HOUSE 160 CITY ROAD,LONDON,UK,EC1V 2NX
439,MISSINGLETTR LTD,KEMP HOUSE 160 CITY ROAD,LONDON,UK,EC1V 2NX
440,MOBILE TECTONICS LIMITED,KEMP HOUSE 160 CITY ROAD,LONDON,UK,EC1V 2NX
441,MONETIC LIMITED,THIRD FLOOR 112 CLERKENWELL ROAD,LONDON,UK,EC1M 5SA
442,MONGOOSE GRAY LTD,KEMP HOUSE 160 CITY ROAD,LONDON,UK,EC1V 2NX
443,MOODAWAY LIMITED,DEVONSHIRE HOUSE 60 GOSWELL ROAD,LONDON,UK,EC1M 7AD
444,MORNINGSTAR EUROPE LIMITED,1 OLIVER'S YARD 55-71 CITY ROAD,LONDON,UK,EC1Y 1HQ
445,MORSE GROUP LIMITED,200 ALDERSGATE ALDERSGATE STREET,LONDON,UK,EC1A 4HD
446,MOTION SOLUTIONS LIMITED,GROUND FLOOR 1 BAKER'S ROW,LONDON,UK,EC1R 3DB
447,MPSCOTT LTD,UNIT 34 67-68 HATTON GARDEN NEW HOUSE,LONDON,UK,EC1N 8JY
448,MTIVITY LIMITED,KEMP HOUSE 152-160 CITY ROAD,LONDON,UK,EC1V 2NX
449,MULROONEY MEDIA LIMITED,C/O CAYOS CONSULTING SERVICES 40 BOWLING GREEN LANE,LONDON,UK,EC1R 0NE
450,MUNKEY LIMITED,C/O TOBIN ASSOCIATES 4TH FLOOR,LONDON,UK,EC1N 8LE
451,MX STUDIO LTD,PREMIER HOUSE 12-13 HATTON GARDEN,LONDON,UK,EC1N 8AN
452,MYBUSKS LTD,145-157 ST JOHN STREET ,LONDON,UK,EC1V 4PW
453,MYCLOUDHOST LIMITED,KEMP HOUSE 152/160 CITY ROAD,LONDON,UK,EC1V 2DW
454,MYTODDLR LTD,"INTERNATIONAL HOUSE, 24 HOLBORN VIADUCT",LONDON,UK,EC1A 2BN
455,N.KO ENGINEERING LIMITED,FLAT 1 61 MYDDELTON SQUARE,LONDON,UK,EC1R 1XX
456,NANOTEMPER TECHNOLOGIES LIMITED,17-18 AYLESBURY STREET ,LONDON,UK,EC1R 0DB
457,NARC INTERACTIVE SERVICES LTD,KEMP HOUSE 152-160 CITY ROAD,LONDON,UK,EC1V 2NX
458,NATICI LTD,15 BOWLING GREEN LANE ,LONDON,UK,EC1R 0BD
459,NATIVEAPPSTUDIO LTD,KEMP HOUSE 160 CITY ROAD,LONDON,UK,EC1V 2NX
460,NCP SOFTWARE &  CONSULTANT LTD,145-157 ST JOHN STREET ,LONDON,UK,EC1V 4PW
461,NCSOFT EUROPE LIMITED,30 CITY ROAD,LONDON,UK,EC1Y 2AB
462,NEONSTREAM LIMITED,145-157 ST JOHN STREET ,LONDON,UK,EC1V 4PW
463,NEPHRITE CONSULTANCY LTD,KEMP HOUSE 152 CITY ROAD,LONDON,UK,EC1V 2NX
464,NERDABILITY LTD,145-157 ST JOHN STREET ,LONDON,UK,EC1V 4PW
465,NET SELECT LIMITED,335 CITY ROAD,LONDON,UK,EC1V 1LJ
466,NETRESULT SOLUTIONS LIMITED,THE JOHNSON BUILDING 77 HATTON GARDEN,LONDON|ENGLAND,UK,EC1N 8JS
467,NETSWITCH LIMITED,KEMP HOUSE 160 CITY ROAD,LONDON,UK,EC1V 2NX
468,NETWORK &  SECURITY LIMITED,KEMP HOUSE 152-160 CITY ROAD,LONDON,UK,EC1V 2NX
469,NETWORK FIBRE LIMITED,KEMP HOUSE 160 CITY ROAD,LONDON,UK,EC1V 2NX
470,NETWORKUP LTD,KEMP HOUSE 152 CITY ROAD,LONDON,UK,EC1V 2NX
471,NEUTRINO NETWORKS LTD,"THIRD FLOOR, 24 CHISWELL STREET",LONDON,UK,EC1Y 4YX
472,NEW BYTE LIMITED,74 FLORIN COURT 6-9 CHARTERHOUSE SQUARE,LONDON,UK,EC1M 6EX
473,NEW GAME TECHNOLOGIES LIMITED,"SUITES 1.04 AND 1.05, EAGLE HOUSE 167 CITY ROAD",LONDON,UK,EC1V 1AW
474,NEW MODEL IDENTITY LIMITED,KEMP HOUSE CITY ROAD,LONDON,UK,EC1V 2NX
475,NEWGEN TECHNOLOGIES LTD,145-157 ST JOHN STREET ,LONDON,UK,EC1V 4PW
476,NEWNRG PTY LTD,KEMP HOUSE 160 CITY ROAD,LONDON,UK,EC1V 2NX
477,NINESTARS INFORMATION TECHNOLOGIES UK LIMITED,DEVONSHIRE HOUSE 60 GOSWELL ROAD,LONDON,UK,EC1M 7AD
478,NINETY NORTH LIMITED,10 COLDBATH SQUARE,LONDON,UK,EC1R 5HL
479,NK IT SOLUTIONS LIMITED,145-157 ST. JOHN STREET ,LONDON,UK,EC1V 4PW
480,NMX IT SOLUTIONS LTD,KEMP HOUSE 160 CITY ROAD,LONDON,UK,EC1V 2NX
481,NOBLE WEB SOLUTIONS LTD,KEMP HOUSE 160 CITY ROAD,LONDON,UK,EC1V 2NX
482,NODEX LIMITED,KEMP HOUSE 152-160 CITY ROAD,LONDON,UK,EC1V 2NX
483,NOVELLIC LIMITED,THIRD FLOOR 24 CHISWELL STREET,LONDON,UK,EC1Y 4YX
484,NPIRE DIGITAL LTD,KEMP HOUSE 160 CITY ROAD,LONDON,UK,EC1V 2NX
485,NUMBER VIOLET LIMITED,INTERNATIONAL HOUSE 24 HOLBORN VIADUCT CITY OF LONDON,LONDON,UK,EC1A 2BN
486,NUTRALIFE SOLUTION LIMITED,"INTERNATIONAL HOUSE, 24 HOLBORN VIADUCT",LONDON,UK,EC1A 2BN
487,O'HWAYS LTD,KEMP HOUSE 152 CITY ROAD,LONDON,UK,EC1V 2NX
488,ODEGRA LIMITED,6.4 ZIGGURAT BUILDING 60-66 SAFFRON HILL ,LONDON,UK,EC1N 8QX
489,OFFSITE DATA STORAGE LIMITED,145-157 ST JOHN STREET ,LONDON,UK,EC1V 4PW
490,OIL INTERNET LIMITED,UNIT 410 27-31 CLERKENWELL CLOSE,LONDON,UK,EC1R 0AU
491,ONLINE DIGITAL SOLUTIONS LIMITED,34 NEW HOUSE HATTON GARDEN,LONDON,UK,EC1N 8JY
492,ONLINE SECURE LTD,145-157 ST JOHN STREET ,LONDON,UK,EC1V 4PW
493,OPEN SOURCE INNOVATIONS LIMITED,UNIT 36 / SUITE 36 / OFFICE 36 UNIT 36 / SUITE 36 / OFFICE 36 88 - 90 HATTON GARDEN,LONDON|HOLBORN,UK,EC1N 8PG
494,OPSFACTORY LIMITED,KEMP HOUSE 152-160 CITY ROAD,LONDON,UK,EC1V 2NX
495,OPTICONVERT LTD,145-157 ST JOHN STREET ,LONDON,UK,EC1V 4PW
496,OPTIMALCORE LTD,KEMP HOUSE 152 CITY ROAD,LONDON,UK,EC1V 2NX
497,ORICLE DESIGNS LTD,24 HOLBORN VIADUCT ,LONDON,UK,EC1A 2BN
498,ORIEN ASSOCIATES LTD,145-157 ST. JOHN STREET ,LONDON,UK,EC1V 4PW
499,OTS CORPORATION LTD,SUITE 48 88-90 HATTON GARDEN,LONDON,UK,EC1N 8PN
500,OTT CONSULTANTS LTD,145-157 ST JOHN STREET ,LONDON,UK,EC1V 4PW
501,OUTCODE LTD,34 NEW HOUSE 67-68 HATTON GARDEN,LONDON,UK,EC1N 8JY
502,P7WBB LIMITED,GROUND FLOOR 1 BAKER'S ROW,LONDON,UK,EC1R 3DB
503,PARALLAX SOLUTIONS LTD,270 DANCE SQUARE ,LONDON,UK,EC1V 3AN
504,PAUL COOPER ASSOCIATES LIMITED,GROUND FLOOR 1 BAKER'S ROW,LONDON,UK,EC1R 3DB
505,PC IT SOLUTIONS LIMITED,2ND FLOOR 145-157 ST JOHN STREET,LONDON,UK,EC1V 4PY
506,PEAKWAVE LTD,145-157 ST JOHN STREET ,LONDON,UK,EC1V 4PW
507,PEAMEW DIGITAL LIMITED,INTERNATIONAL HOUSE 24 HOLBORN VIADUCT,LONDON,UK,EC1A 2BN
508,PEERIUS LTD,PRINCE CONSORT HOUSE 109-111 FARRINGDON ROAD,LONDON,UK,EC1R 3BW
509,PELASGUS LIMITED,3RD FLOOR 28 ELY PLACE,LONDON,UK,EC1N 6TD
510,PERHAM UK LTD,UNIT2 5 BALDWIN STREET,LONDON,UK,EC1V 9NU
511,PERSONAL 24 LIMITED,3RD FLOOR 24 CHISWELL STREET,LONDON,UK,EC1Y 4YX
512,PETER DIVOS CONSULTING LIMITED,HOXTON MIX 86-90 PAUL ST,LONDON,UK,EC1N 8JY
513,PHMUSEUM LTD,"INTERNATIONAL HOUSE, 24 HOLBORN VIADUCT HOLBORN VIADUCT",LONDON,UK,EC1A 2BN
514,PINEMARTEN EDUCATION LTD,KEMP HOUSE CITY ROAD,LONDON,UK,EC1V 2NX
515,PINETEC LIMITED,15 BOWLING GREEN LANE ,LONDON,UK,EC1R 0BD
516,PIPSKI LIMITED,C/O GOLDER BAQA GROUND FLOOR 1 BAKER'S ROW,LONDON,UK,EC1R 3DB
517,PIXELRIGHTS LIMITED,27-31 CLERKENWELL CLOSE ,LONDON,UK,EC1R 0AT
518,PIXSENS LTD,160 CITY ROAD KEMP HOUSE,LONDON,UK,EC1V 2NX
519,PLANETARY VISIONS LIMITED,52 KINGSWAY PLACE SANS WALK,LONDON,UK,EC1R 0LU
520,PLATFI LTD,345 OLD STREET ,LONDON,UK,EC1V 9LL
521,PLATINUM BLUE LIMITED,1-3 DUFFERIN STREET ,LONDON,UK,EC1Y 8NA
522,POMEGRANATE HEALTH LTD,15 BOWLING GREEN LANE ,LONDON,UK,EC1R 0BD
523,POSSIBLE POINT PRIVATE LIMITED,KEMP HOUSE 160 CITY ROAD,LONDON,UK,EC1V 2NX
524,POST &  PLACE (UK) LTD,359 GOSWELL ROAD ,LONDON,UK,EC1V 7JL
525,PRAMATI TECHNOLOGIES EUROPE LIMITED,DEVONSHIRE HOUSE 60 GOSWELL ROAD,LONDON,UK,EC1M 7AD
526,PROCYON STUDIOS LIMITED,15 BOWLING GREEN LANE ,LONDON,UK,EC1R 0BD
527,PRODAPT (UK) LIMITED,DEVONSHIRE HOUSE 60 GOSWELL ROAD,LONDON,UK,EC1M 7AD
528,PRODATA TECHNOLOGY LIMITED,CAPITAL OFFICE 152 CITY ROAD,LONDON,UK,EC1V 2NX
529,PRODEMIC LTD,KEMP HOUSE 152 CITY ROAD,LONDON,UK,EC1V 2NX
530,PROFIMO LTD,"KEMP HOUSE, 152-160 CITY ROAD CITY ROAD",LONDON,UK,EC1V 2NX
531,PROGRAMMATIC.LY LIMITED,DYNAMIS HOUSE 6-8 SYCAMORE STREET,LONDON,UK,EC1Y 0SW
532,PROMAST TECHNOLOGY LIMITED,KEMP HOUSE 160 CITY ROAD,LONDON,UK,EC1V 2NX
533,PROXIMA WEB LTD,145-157 ST JOHN STREET ,LONDON,UK,EC1V 4PW
534,QLMIETO LTD,31B ADEYFIELD HOUSE CRANWOOD STREET,LONDON,UK,EC1V 9PD
535,QUCONT LIMITED,KEMP HOUSE 160 CITY ROAD,LONDON,UK,EC1V 2NX
536,QUEST TECHNOLOGIES (LONDON) LIMITED,195 WHITECROSS STREET,LONDON,UK,EC1Y 8QP
537,QUINTAIN TECHNOLOGY SOLUTIONS LIMITED,3RD FLOOR 24 CHISWELL STREET,LONDON,UK,EC1Y 4YX
538,RANK-1 (SOUTH) LIMITED,30 CITY ROAD ,LONDON,UK,EC1Y 2AB
539,RANKERS LIMITED,SUITE 1A 1 LINDSEY STREET,LONDON,UK,EC1A 9HP
540,RAPPIDLY LTD,2ND FLOOR 197 CITY ROAD,LONDON,UK,EC1V 1JN
541,RCS (CAD) LTD,145-157 ST JOHN STREET ,LONDON,UK,EC1V 4PW
542,REAL DATACENTRES (EMEA) LIMITED,KEMP HOUSE 160 CITY ROAD,LONDON,UK,EC1V 2NX
543,REALITY HITS LTD,145-157 ST JOHN STREET ,LONDON,UK,EC1V 4PW
544,RED PANDA MEDIA LIMITED,SUITE 48 88-90 HATTON GARDEN,LONDON,UK,EC1N 8PN
545,RED RAINBOWS LTD,OFFICE 36 88-90 HATTON GARDEN,LONDON,UK,EC1N 8PG
546,REDHAT IT LTD,80 - 83 LONG LANE,LONDON,UK,EC1A 9ET
547,REDSTONE DATA SOLUTIONS LIMITED,KEMP HOUSE 160 CITY ROAD,LONDON,UK,EC1V 2NX
548,REGIUM CONSULTING LIMITED,KEMP HOUSE 152 CITY ROAD,LONDON,UK,EC1V 2NX
549,REVERSE DELTA LIMITED,KEMP HOUSE CITY ROAD,LONDON,UK,EC1V 2NX
550,RIVERSIDE COMPUTING SOLUTIONS LTD,145-157 ST JOHN STREET ,LONDON,UK,EC1V 4PW
551,RJM.IT LIMITED,INTERNATIONAL HOUSE 24 HOLBORN VIADUCT,LONDON,UK,EC1A 2BN
552,RM &  JT CONSULTING LTD,INTERNATIONAL HOUSE 24 HOLBORN VIADUCT,LONDON,UK,EC1A 2BN
553,ROAD TO WORK LIMITED,1892 BUILDING 47 KINGSWAY PLACE,LONDON,UK,EC1R 0LU
554,ROBUCODE LIMITED,INTERNATIONAL HOUSE 24 HOLBORN VIADUCT,LONDON,UK,EC1A 2BN
555,ROKK3R LABS EMEA LTD,GROUND FLOOR WHITE BEAR YARD 144A CLERKENWELL ROAD,LONDON,UK,EC1R 5DF
556,"ROOKA, LTD",KEMP HOUSE 160 CITY ROAD,LONDON,UK,EC1V 2NX
557,ROOM ONE DESIGN LIMITED,12-14 BERRY STREET CLERKENWELL,LONDON,UK,EC1V 0AU
558,ROOM ONE DIGITAL LIMITED,12-14 BERRY STREET CLERKENWELL,LONDON,UK,EC1V 0AU
559,ROSAMAN LTD.,3RD FLOOR 49 FARRINGDON ROAD,LONDON,UK,EC1M 3JP
560,ROSENDAHL CONCEPTKIOSK LTD,17-18 AYLESBURY STREET ,LONDON,UK,EC1R 0DB
561,RPM DIGITAL LTD,145-157 ST JOHN STREET ,LONDON,UK,EC1V 4PW
562,RTS (RESEARCH &  TECHNOLOGY SOLUTIONS) LTD,KEMP HOUSE 152 CITY ROAD,LONDON,UK,EC1V 2NX
563,RUMMBLE LIMITED,KEMP HOUSE 152 CITY ROAD,LONDON,UK,EC1V 2NX
564,SAAIMO LTD,"KEMP HOUSE, 152-160 CITY ROAD",LONDON,UK,EC1V 2NX
565,SAHY INTERNATIONAL MANAGEMENT LTD,KEMP HOUSE 152 - 160 CITY ROAD,LONDON,UK,EC1V 2NX
566,SATCHCORP LTD,KEMP HOUSE 152 CITY ROAD,LONDON,UK,EC1V 2NX
567,SAVVY EYE MEDIA LIMITED,11 AMWELL STREET ,LONDON,UK,EC1R 1UL
568,SAVWIRE LTD,145-157 ST JOHN STREET ,LONDON,UK,EC1V 4PW
569,SCHOOLS MATTER PARTNERS LIMITED,SUITE 48 88-90 HATTON GARDEN,LONDON,UK,EC1N8PN
570,SEARCH MAGNET MARKETING LTD,145-157 ST JOHN STREET ,LONDON,UK,EC1V 4PW
571,SECONDBYTE MICROS LTD,KEMP HOUSE 152-160 CITY ROAD,LONDON,UK,EC1V 2NX
572,SECURE GLOBAL TECHNOLOGIES LTD,DIRECT ACCOUNTANTS UK LIMITED WHITECROSS STREET 137-139,LONDON,UK,EC1Y 8JL
573,SECURITY HEADS LIMITED,THIRD FLOOR 111 CHARTERHOUSE STREET,LONDON,UK,EC1M 6AW
574,SECURYS LIMITED,2ND FLOOR 197 CITY ROAD,LONDON,UK,EC1V 1JN
575,SEFRICAN LIMITED,1 BAKER'S ROW ,LONDON,UK,EC1R 3DB
576,SERVICE4SERVER LIMITED,SUITE 48 88-90 HATTON GARDEN,LONDON,UK,EC1N 8PN
577,SHARK DIGITAL CONSULTANCY LTD,4TH FLOOR CLERK'S WELL HOUSE 20 BRITTON STREET,LONDON,UK,EC1M 5UA
578,SHARK HOSTING LIMITED,KEMP HOUSE 160 CITY ROAD,LONDON,UK,EC1V 2NX
579,SHARK TANK LIMITED,CLERKS COURT 5TH FLOOR 18-20 FARRINGDON LANE,LONDON,UK,EC1R 3AU
580,SHARP DIGITAL ASSEMBLY LTD,145-157 ST JOHN STREET ,LONDON,UK,EC1V 4PW
581,SHEERIE LIMITED,INTERNATIONAL HOUSE 24 HOLBORN VIADUCT,LONDON,UK,EC1A 2BN
582,SHINY IDEAS LTD,231 ROSDEN HOUSE 372 OLD STREET,LONDON,UK,EC1V 9AU
583,SHUFFZCO LIMITED,130 OLD STREET ,LONDON,UK,EC1V 9BD
584,SIENTECH LTD,145-157 ST JOHN STREET ,LONDON,UK,EC1V 4PW
585,SIGMA VENTURES LIMITED,2ND FLOOR 145-157 ST.JOHN STREET,LONDON,UK,EC1V 4PY
586,SILVERLAKE SYMMETRI (EUROPE) LIMITED,CHALLONER HOUSE 19 CLERKENWELL CLOSE,LONDON,UK,EC1R 0RR
587,SIM GLOBAL MARKETS LIMITED,FINSGATE 5-7 CRANWOOD STREET,LONDON,UK,EC1V 9EE
588,SIMBOLIC LTD,4 DOMECQ HOUSE 12 DALLINGTON STREET,LONDON,UK,EC1V 0BJ
589,SIMON MARSDEN LIMITED,KEMP HOUSE 152-160 CITY ROAD,LONDON,UK,EC1V 2NX
590,SIMPLE DIGITAL LTD,152 CITY ROAD ,LONDON,UK,EC1V 2NX
591,SKWILE LTD.,1 CHARTERHOUSE MEWS ,LONDON,UK,EC1M 6BB
592,SKYGATE DIGITAL LTD,145-157 ST JOHN STREET ,LONDON,UK,EC1V 4PW
593,SLEEK NETWORKS LIMITED,150 ALDERSGATE STREET ,LONDON,UK,EC1A 4AB
594,SMART STORAGE TECHNOLOGIES LIMITED,UG06 14 GREVILLE STREET ,LONDON,UK,EC1N 8SB
595,SMARTERKEY LIMITED,146B ST. JOHN STREET ,LONDON,UK,EC1V 4UA
596,SMARTLOGIC SCHEMASERVER LIMITED,200 ALDERSGATE STREET ,LONDON,UK,EC1A 4HD
597,SMARTSESSION LTD,FINSGATE 5-7 CRANWOOD STREET,LONDON,UK,EC1V 9EE
598,SNET GLOBAL LTD,INTERNATIONAL HOUSE 24 HOLBORN VIADUCT,LONDON,UK,EC1A 2BN
599,SNS TECHNOLOGIES LIMITED,KLACO HOUSE 28-30 ST JOHNS SQUARE,LONDON,UK,EC1M 4DN
600,SOFTWARE SOLUTIONS (UK) LIMITED,SAFFRON HOUSE 6-10 KIRBY STREET,LONDON,UK,EC1N 8TS
601,SOKAM ONLINE LIMITED,INTERNATIONAL HOUSE 24 HOLBORN VIADUCT,LONDON,UK,EC1A 2BN
602,SOL MARKET LTD,UNIT 34 67-68 HATTON GARDEN,LONDON,UK,EC1N 8JY
603,SOLID STATE INFLIGHT LIMITED,INTERNATIONAL HOUSE 24 HOLBORN VIADUCT,LONDON,UK,EC1A 2BN
604,SOLISTECH SOLUTIONS LTD,152-160 CITY ROAD ,LONDON,UK,EC1V 2NX
605,SPARKLE &  FLOW LIMITED,144A CLERKENWELL ROAD ,LONDON,UK,EC1R 5DF
606,SPECIALISTSUK LIMITED,21 HOLBORN VIADUCT ,LONDON,UK,EC1A 2DY
607,SPEECHBUBBLE CONSULTANCY LIMITED,130 OLD STREET ,LONDON,UK,EC1V 9BD
608,SPIRISICAL LIMITED,FLAT 28 BREWERS BUILDINGS RAWSTORNE STREET,LONDON,UK,EC1V 7NB
609,SPOTAHOME LTD,2ND FLOOR WHITE BEAR YARD 144A CLERKENWELL ROAD,LONDON,UK,EC1R 5DF
610,SPRING DIGITAL LIMITED,BIG STUDIOS 1 EAST POULTRY AVENUE,LONDON,UK,EC1A 9PT
611,SPRINKLR UK LTD,GATE HOUSE 1 ST. JOHN'S SQUARE,LONDON,UK,EC1M 4DH
612,SQUARE EYE LIMITED,5 ST. JOHN'S LANE ,LONDON,UK,EC1M 4BH
613,STACK EXCHANGE LTD,BENTIMA HOUSE 168-172 OLD STREET,LONDON,UK,EC1V 9BP
614,STANDARD GLOBAL SOLUTIONS LTD,145-157 ST JOHN STREET ,LONDON,UK,EC1V 4PW
615,STANFORD ELECTRICAL CONTRACTING LTD,145-157 ST JOHN STREET ,LONDON,UK,EC1V 4PW
616,STAR DOT HELP COMPUTER CONSULTING LIMITED,THIRD FLOOR 24 CHISWELL STREET,LONDON,UK,EC1Y 4YX
617,STARKWAY LTD.,KEMP HOUSE 160 CITY ROAD,LONDON,UK,EC1V 2NX
618,STARTIDE LIMITED,KEMP HOUSE 152-160 CITY ROAD,LONDON,UK,EC1V 2NX
619,STEHLE CONSULTING LIMITED,150 ALDERSGATE STREET ,LONDON,UK,EC1A 4AB
620,STREAM UK MEDIA SERVICES LIMITED,UNIT 27-28 ANGEL GATE ,LONDON,UK,EC1V 2PT
621,STREAMESS LIMITED,160 CITY ROAD KEMP HOUSE,LONDON,UK,EC1V 2NX
622,STREAMTRAIN LIMITED,KEMP HOUSE 152-160 CITY ROAD,LONDON,UK,EC1V 2NX
623,STUDIOF CREATIVE LTD,1 CHARTERHOUSE MEWS ,LONDON,UK,EC1M 6BB
624,SUCCESSFUL INTERNET LIMITED,SUITE 36 88-90 HATTON GARDEN,LONDON,UK,EC1N 8PN
625,SUN SYSTEMS IT SERVICES LIMITED,145-157 ST JOHN STREET ,LONDON,UK,EC1V 4PW
626,SUNNER CONSULTANCY LTD,82 ST. JOHN STREET ,LONDON,UK,EC1M 4JN
627,SUPREME SUCCESS STRATEGIES LTD,CAPITAL OFFICE KEMP HOUSE 152-160 CITY ROAD OLD STREET,LONDON,UK,EC1V 2NX
628,SURREY SYSTEMS PARTNERSHIP LTD,KEMP HOUSE 160 CITY ROAD,LONDON,UK,EC1V 2NX
629,SVVISH LIMITED,KEMP HOUSE 152 CITY ROAD,LONDON,UK,EC1V 2NX
630,SWIFTEE TECHNOLOGY LIMITED,130 OLD STREET ,LONDON,UK,EC1V 9BD
631,SYNAPSES IT LIMITED,INTERNATIONAL HOUSE HOLBORN VIADUCT,LONDON,UK,EC1A 2BN
632,SYZYGY UK LIMITED,THE JOHNSON BUILDING 77 HATTON GARDEN,LONDON,UK,EC1N 8JS
633,TAKEMEOUT LTD,FLAT 1 100 LEATHER LANE,LONDON,UK,EC1N 7TX
634,TAMETON SOLUTIONS LIMITED,28 ELY PLACE 3RD FLOOR,LONDON,UK,EC1N 6TD
635,TAYSTME LTD,KEMP HOUSE 152 CITY ROAD,LONDON|GREATER LONDON,UK,EC1V 2NX
636,TEAM IT CONSULTING LIMITED,C/O GOLDER BAQA GROUND FLOOR 1 BAKER'S ROW,LONDON,UK,EC1R 3DB
637,TEAMSPACE LTD.,DEVONSHIRE HOUSE 60 GOSWELL ROAD,LONDON,UK,EC1M 7AD
638,TECH TRAINERS LTD,OFFICE 36 88-90 HATTON GARDEN,LONDON,UK,EC1N 8PG
639,TECHPROWORLD LIMITED,KEMP HOUSE 160 CITY ROAD,LONDON,UK,EC1V 2NX
640,TELEFOTONIKA LIMITED,KEMP HOUSE 160 CITY ROAD,LONDON,UK,EC1V 2NX
641,TESSA CAPITAL LIMITED,26-28 BARTHOLOMEW SQUARE SUITE 1,LONDON,UK,EC1V 3QH
642,TESTING SOLUTIONS LIMITED,150 ALDERSGATE STREET ,LONDON,UK,EC1A 4AB
643,TESTING TRAINING SOLUTIONS LIMITED,150 ALDERSGATE STREET ,LONDON,UK,EC1A 4AB
644,THAMESTEC LTD,145-157 ST JOHN STREET ,LONDON,UK,EC1V 4PW
645,THE BULL STUDIO LTD,INTERNATIONAL HOUSE 24 HOLBORN VIADUCT,LONDON,UK,EC1A 2BN
646,THE DATACENTRE ADVISORY GROUP LIMITED,KEMP HOUSE 160 CITY ROAD,LONDON,UK,EC1V 2NX
647,THE LIGHT IT SUPPORT LTD,31A CLERKENWELL CLOSE ,LONDON,UK,EC1R 0AT
648,THE NEW BLACK CREATIVE STUDIO LIMITED,FLAT 2 1 TYSOE STREET,LONDON,UK,EC1R 4SA
649,THE PROSPEROUS SHOP LTD,FINSGATE CRANWOOD STREET,LONDON,UK,EC1V 9EE
650,THEHEALTHFINDER HOLDINGS LIMITED,50 FARRINGDON ROAD GROUND FLOOR,LONDON,UK,EC1M 3HE
651,THEM DIGITAL ASSISTANCE LTD,4TH FLOOR 1-5 CLERKENWELL ROAD,LONDON,UK,EC1M 5PA
652,THINGTHING LTD,3RD FLOOR 12 EAST PASSAGE,LONDON,UK,EC1A 7LP
653,THINK DIGITALLY SOFTWARE LTD,INTERNATIONAL HOUSE 24 HOLBORN VIADUCT,LONDON,UK,EC1A 2BN
654,THINKING CIRCLE LIMITED,INTERNATIONAL HOUSE 24 HOLBORN VIADUCT,LONDON|CITY OF LONDON,UK,EC1A 2BN
655,THOMPSON FLETCHER ASSOCIATES LIMITED,2ND FLOOR 145-157 ST JOHN STREET,LONDON,UK,EC1V 4PY
656,THRIVE FINANCIAL LIMITED,KEMP HOUSE 160 CITY ROAD,LONDON,UK,EC1V 2NX
657,TIBTEC LTD,GROUND FLOOR 1 BAKER'S ROW,LONDON,UK,EC1R 3DB
658,TIKIT LIMITED,81 NEWGATE STREET ,LONDON,UK,EC1A 7AJ
659,TIMED LTD,KEMP HOUSE 160 CITY ROAD,LONDON,UK,EC1V 2NX
660,TIMTOMINC LIMITED,KEMP HOUSE 152 CITY ROAD,LONDON,UK,EC1V 2NX
661,TLDOMAINS LTD,"OFFICE 34, NEW HOUSE 67-68 HATTON GARDEN",LONDON,UK,EC1N 8JY
662,TOBORSOFT LTD,KEMP HOUSE 160 CITY ROAD,LONDON,UK,EC1V 2NX
663,TOTAL MEDIA MARKETING LTD,145-157 ST JOHN STREET ,LONDON,UK,EC1V 4PW
664,TRACEMEDIA PROJECTS LIMITED,"10 GASTIGNY HOUSE PLEYDELL ESTATE, LEVER STREET",LONDON,UK,EC1V 3SU
665,TRADEWARE GLOBAL UK LIMITED,1 ST MARTINS LE GRAND ,LONDON,UK,EC1A 4AS
666,TRADEXPERT LIMITED,KEMP HOUSE 160 CITY ROAD,LONDON,UK,EC1V 2NX
667,TRAINLINE INTERNATIONAL LIMITED,120 HOLBORN ,LONDON,UK,EC1N 2TD
668,TRAINLINE.COM LIMITED,120 HOLBORN ,LONDON,UK,EC1N 2TD
669,TRANSCOMM UK LIMITED,81 NEWGATE STREET,LONDON,UK,EC1A 7AJ
670,TRAVIOOR LTD,1 BAKER'S YARD ,LONDON,UK,EC1R 3DD
671,TREAT A FRIEND LIMITED,130 OLD STREET ,LONDON,UK,EC1V 9BD
672,TRIANA VENTURES LIMITED,14 GREVILLE STREET UNIT UG06,LONDON,UK,EC1N 8SB
673,TRIANGULATE IT LTD,145-157 ST JOHN STREET ,LONDON,UK,EC1V 4PW
674,TRIGENIS LIMITED,40 BOWLING GREEN LANE,LONDON,UK,EC1R 0NE
675,TRONCAT LIMITED,TOBIN ASSOCIATES LTD 4TH FLOOR 63-66 HATTON GARDEN,LONDON,UK,EC1N 8LE
676,TSM INTERNATIONAL LTD,145-157 2ND FLOOR ST JOHN STREET,LONDON|UNITED KINGDOM,UK,EC1V 4PY
677,TURQUOISE SOLUTIONS LIMITED,C/O GOLDER BAQA GROUND FLOOR 1 BAKER'S ROW,LONDON,UK,EC1R 3DB
678,U-2-ME LTD,KEMP HOUSE 152 CITY ROAD,LONDON,UK,EC1V 2NX
679,U.K. BUSINESS FUNDING CENTRE LIMITED,1ST FLOOR THAVIES INN HOUSE 3-4 HOLBORN CIRCUS,LONDON,UK,EC1N 2HA
680,UK PROPERTIES ONLINE LIMITED,145-157 ST. JOHN STREET ,LONDON,UK,EC1V 4PY
681,UNBIASED LIMITED,12-14 BERRY STREET ,LONDON,UK,EC1V 0AU
682,UNGM LIMITED,152-160 CITY ROAD ,LONDON,UK,EC1V 2NX
683,UNICORN COMPUTER GRAPHICS LIMITED,82 ST JOHN STREET ,LONDON,UK,EC1M 4JN
684,UNIGLO FINANCIAL LIMITED,"OFFICE 36, 88-90 HATTON GARDEN ",LONDON,UK,EC1N 8PN
685,UNIRISX LIMITED,10 CHISWELL STREET 2ND FLOOR,LONDON,UK,EC1Y 4UQ
686,UNITED PIXELS LTD,145-157 ST. JOHN STREET ,LONDON,UK,EC1V 4PW
687,UNIVERSAL BASKET LIMITED,27-31 CLERKENWELL CLOSE UNIT 4.06,LONDON,UK,EC1R 0AT
688,UNIVERSAL RESEARCH &  CONSULTING LIMITED,145-157 ST. JOHN STREET ,LONDON,UK,EC1V 4PW
689,UNPICK LTD,372 OLD STREET LONDON SUITE 32,LONDON,UK,EC1V 9LT
690,UNYFY CONSULTING LIMITED,C/O GOLDER BAQA GROUND FLOOR 1 BAKER'S ROW,LONDON,UK,EC1R 3DB
691,URPASS.CO LIMITED,4TH FLOOR ST. CROSS STREET,LONDON,UK,EC1N 8UN
692,UVIP LIMITED,KEMP HOUSE 160 CITY ROAD,LONDON,UK,EC1V 2NX
693,UWP LIMITED,3RD FLOOR 112 CLERKENWELL ROAD,LONDON,UK,EC1M 5SA
694,V4TECH LIMITED,INTERNATIONAL HOUSE 24 HOLBORN VIADUCT,LONDON|CITY OF LONDON,UK,EC1A 2BN
695,VAMA SOLUTIONS LIMITED,KEMP HOUSE SUITE 454 152-160 CITY ROAD,LONDON,UK,EC1V 2NX
696,VCE SOLUTIONS LIMITED,BENTIMA HOUSE 4TH FLOOR 168-172 OLD STREET,LONDON,UK,EC1V 9BP
697,VE INTERACTIVE LIMITED,15-19 BAKER'S ROW ,LONDON,UK,EC1R 3DG
698,VENDAVO UK LIMITED,3RD FLOOR 24 CHISWELL STREET,LONDON,UK,EC1Y 4YX
699,VENEZZ LTD,KEMP HOUSE 152 CITY ROAD,LONDON,UK,EC1V 2NX
700,VERDANT SKY LIMITED,UNIT C23 9 HERBAL HILL HERBAL HILL GARDENS,LONDON,UK,EC1R 5XB
701,VERO SOLUTIONS LIMITED,15 BOWLING GREEN LANE ,LONDON,UK,EC1R 0BD
702,VIRCLOUD LTD,145-157 ST JOHN STREET ,LONDON,UK,EC1V 4PW
703,VIRTUALFILES LIMITED,KEMP HOUSE 152/160 CITY ROAD,LONDON,UK,EC1V 2DW
704,VISITED.ME LIMITED,THIRD FLOOR 111 CHARTERHOUSE STREET,LONDON,UK,EC1M 6AW
705,VIVACITY LABS LIMITED,INTERNATIONAL HOUSE 24 HOLBORN VIADUCT,LONDON|CITY OF LONDON,UK,EC1A 2BN
706,VIVE FINANCIAL SERVICES LIMITED,15 BUNHILL ROW ,LONDON,UK,EC1Y 8LP
707,VIZAVIZ INTERNATIONAL LTD,KEMP HOUSE 160 CITY ROAD,LONDON,UK,EC1V 2NX
708,VNETIC LTD,"INTERNATIONAL HOUSE, 24 HOLBORN VIADUCT",LONDON,UK,EC1A 2BN
709,VORBOSS LIMITED,DEVONSHIRE HOUSE 60 GOSWELL ROAD,LONDON,UK,EC1M 7AD
710,VZINTERNET LIMITED,82 ST JOHN STREET ,LONDON,UK,EC1M 4JN
711,WARD MARKETING SOLUTIONS LIMITED,15 BOWLING GREEN LANE ,LONDON,UK,EC1R 0BD
712,WARWICK COMPUTER REPAIRS LTD,145-157 ST JOHN STREET ,LONDON,UK,EC1V 4PW
713,WAY2G LIMITED,150 ALDERSGATE STREET ,LONDON,UK,EC1A 4AB
714,WE ARE EXPERIENCE LIMITED,3RD FLOOR 24 CHISWELL STREET,LONDON,UK,EC1Y 4YX
715,WE ARE FRIDAY LIMITED,HARELLA HOUSE 3RD FLOOR 90-98 GOSWELL ROAD,LONDON,UK,EC1V 7DF
716,WE ARE LONDON LIMITED,3RD FLOOR 24 CHISWELL STREET,LONDON,UK,EC1Y 4YX
717,WE MAKE WEBSITES LTD,SWEEPS BUILDING C/O 6-7 ST. CROSS STREET,LONDON,UK,EC1N 8UA
718,WEB ARCHITECTURE AND TECHNOLOGIES LTD,IMPACT HUB ISLINGTON 5 TORRENS STREET 4TH FLOOR,LONDON,UK,EC1V 1NQ
719,WEB KINGDOM LIMITED,160 CITY ROAD ,LONDON,UK,EC1V 2NX
720,WEBCODE LTD,INTERNATIONAL HOUSE 24 HOLBORN VIADUCT,LONDON,UK,EC1A 2BN
721,WHAT'S THE SCORE LIMITED,20 BUNHILL ROW ,LONDON,UK,EC1Y 8UE
722,WHITE WATER METALS LIMITED,KEMP HOUSE 152 CITY ROAD,LONDON,UK,EC1V 2NX
723,WHYM.GLOBAL LTD.,THIRD FLOOR 12 EAST PASSAGE,LONDON,UK,EC1A 7LP
724,WIIPIX LIMITED,1-5 CLERKENWELL ROAD ,LONDON,UK,EC1M 5PA
725,WILSON ROBOTICS LIMITED,KEMP HOUSE 160 CITY ROAD,LONDON,UK,EC1V 2NX
726,WINPHD LIMITED,INTERNATIONAL HOUSE 24 HOLBORN VIADUCT,LONDON,UK,EC1A 2BN
727,WITH ASSOCIATES DIGITAL LIMITED,"SUITE 47, 372 OLD STREET ",LONDON,UK,EC1V 9LT
728,WORDOWN LIMITED,130 OLD STREET ,LONDON,UK,EC1V 9BD
729,WORTH DYNAMICS LTD,UNIT/OFFICE 36 88-90 HATTON GARDEN,LONDON,UK,EC1N 8PN
730,X19 LIMITED,DEVONSHIRE HOUSE 60 GOSWELL ROAD,LONDON,UK,EC1M 7AD
731,XS NETWORKS LTD,KEMP HOUSE 152 CITY ROAD,LONDON,UK,EC1V 2NX
732,Y1 SYSTEMS LIMITED,INTERNATIONAL HOUSE 24 HOLBORN VIADUCT,LONDON,UK,EC1A 2BN
733,YARD NINE LIMITED,KEMP HOUSE 152-160 CITY ROAD,LONDON,UK,EC1V 2NX
734,YESQL SOLUTIONS LIMITED,145-157 ST. JOHN STREET ,LONDON,UK,EC1V 4PW
735,YOYO DATA LIMITED,THIRD FLOOR 12 EAST PASSAGE,LONDON,UK,EC1A 7LP
736,YULAIP TECHNOLOGIES LTD,APARTMENT 34 67-68 HATTON GARDEN,LONDON,UK,EC1N 8JY
737,ZENZIUM LTD,KEMP HOUSE 160 CITY ROAD,LONDON,UK,EC1V 2NX
738,ZEROONEONEZERO LIMITED,145-157 ST. JOHN STREET ,LONDON,UK,EC1V 4PW
739,ZINTERNETGROUP LTD,KEMP HOUSE 160 CITY ROAD,LONDON,UK,EC1V 2NX
740,ZOARING LIMITED,OFFICE 34 NEW HOUSE 67-68 HATTON GARDEN,CITY OF LONDON,UK,EC1N 8JY
741,ZULIOS LIMITED,KEMP HOUSE 152 CITY ROAD,LONDON,UK,EC1V 2NX
742,360 CLOUD NETWORKS LTD,145-157 ST JOHN STREET ,LONDON,UK,EC1V 4PW
743,360 DIGI MARKETING LTD,KEMP HOUSE 160 CITY ROAD,LONDON,UK,EC1V 2NX
744,3G OUTSOURCE LIMITED,152-160 KEMP HOUSE CITY ROAD,LONDON,UK,EC1V 2NX
745,4T TECHNOLOGY LTD,KEMP HOUSE 160 CITY ROAD,LONDON,UK,EC1V 2NX
746,ACKNOWLEDGEMENT LIMITED,54 KINGSWAY PLACE SANS WALK,LONDON,UK,EC1R 0LU
747,ACTIVISTIC (UK) LTD,SUITE 907 KEMP HOUSE 152 - 160 CITY ROAD,LONDON,UK,EC1V 2NX
748,AGITEK LTD,INTERNATIONAL HOUSE 24 HOLBORN VIADUCT,LONDON,UK,EC1A 2BN
749,AGORABYTES LIMITED,SUITE / UNIT / OFFICE 36 88-90  HATTON GARDEN HOLBORN,LONDON,UK,EC1N 8PG
750,AH BUSINESS SERVICES AND CONSULTANCY LTD,"KEMP HOUSE 152-160, CITY ROAD",LONDON,UK,EC1V 2NX
751,AIR TUNNEL SOLUTIONS LIMITED,SUITE 36 88-90 HATTON GARDEN HOLBORN,LONDON,UK,EC1N 8PG
752,ALLE-IT LTD,INTERNATIONAL HOUSE 24 HOLBORN VIADUCT,LONDON,UK,EC1A 2BN
753,ASKIA UK LIMITED,C/O WESTBURY 145-157 ST JOHN STREET,LONDON,UK,EC1V 4PY
754,ASMISOFT TECHNOLOGIES LIMITED,2ND FLOOR 145-157 ST.JOHN STREET,LONDON,UK,EC1V 4PY
755,ASTABIS IRM LTD,SUITE 48 88-90 HATTON GARDEN,LONDON,UK,EC1N 8PN
756,AUTONOWARE LIMITED,76-80 CITY ROAD ,LONDON,UK,EC1Y 2BJ
757,BCN INTEGRATED LTD.,145-157 ST JOHN STR ,LONDON,UK,EC1V 4PY
758,BEHIND PIXELS LTD,152 CITY ROAD KEMP HOUSE,LONDON,UK,EC1V 2NX
759,BRAVOSOLUTION UK LIMITED,22-24 ELY PLACE ,LONDON,UK,EC1N 6TE
760,BROWN PAPER CONSULTING LIMITED,145-157 ST JOHN STREET ,LONDON,UK,EC1V 4PW
761,CAPACITAS LIMITED,69 TURNMILL STREET ,LONDON,UK,EC1M 5RR
762,CERBERUS SECURITY LABORATORIES LIMITED,KEMP HOUSE 160 CITY ROAD,LONDON,UK,EC1V 2NX
763,CIBANDO LTD,DEVONSHIRE HOUSE 60 GOSWELL ROAD,LONDON,UK,EC1M 7AD
764,CINSPIRED DESIGNS LIMITED,145-157 ST JOHN STREET ,LONDON,UK,EC1V 4PW
765,CITY TEST LIMITED,KEMP HOUSE 152-160 CITY ROAD,LONDON,UK,EC1V 2NX
766,CLOUD DIGITAL RESEARCH LTD,329A OLD STREET ,LONDON,UK,EC1V 9LE
767,CLOUD ESTATE LIMITED,KEMP HOUSE 152 CITY ROAD,LONDON,UK,EC1V 2NX
768,CLOUDBRIDGE LTD,KEMP HOUSE 160 CITY ROAD,LONDON,UK,EC1V 2NX
769,COASTAL UNION LTD,KEMP HOUSE 152 CITY ROAD,LONDON,UK,EC1V 2NX
770,CODELOCKE SOLUTIONS PRIVATE LIMITED,KEMP HOUSE 160 CITY ROAD,LONDON,UK,EC1V 2NX
771,COMDEVELOPMENT LIMITED,145-157 ST. JOHN STREET ,LONDON,UK,EC1V 4PW
772,COREAZURE LIMITED,16 ST. MARTIN'S LE GRAND ,LONDON,UK,EC1A 4EN
773,CREDO JPN LIMITED,KEMP HOUSE 160 CITY ROAD,LONDON,UK,EC1V 2NX
774,CROSSCOUNTRY AERO LTD,145-157 ST JOHN STREET ,LONDON,UK,EC1V 4PW
775,CRUX NETWORK LIMITED,KEMP HOUSE 160 CITY ROAD,LONDON,UK,EC1V 2NX
776,CUSTOM TECHNOLOGY LIMITED,FIRST FLOOR 1 EAST POULTRY AVENUE,LONDON,UK,EC1A 9PT
777,DATAFACTUALS LIMITED,KEMP HOUSE 160 CITY ROAD,LONDON,UK,EC1V 2NX
778,DATAPOWA LIMITED,KEMP HOUSE 160 CITY ROAD,LONDON,UK,EC1V 2NX
779,DAVIES TECHNOLOGY CONSULTING LTD.,34 NEW HOUSE 67-68 HATTON GARDEN,LONDON,UK,EC1N 8JY
780,DEEAZ LTD,INTERNATIONAL HOUSE 24 HOLBORN VIADUCT,CITY OF LONDON,UK,EC1A 2BN
781,DIGITLONDON LIMITED,6 BREWHOUSE YARD ,LONDON,UK,EC1V 4DG
782,DILIGENCE CONSULTING LIMITED,145-157 ST. JOHN STREET ,LONDON,UK,EC1V 4PW
783,DILIGENCE PROFESSIONAL LIMITED,145-157 ST JOHN STREET ,LONDON,UK,EC1V 4PW
784,DS TECHNOLOGIES GROUP LTD.,KEMP HOUSE 160 CITY ROAD,LONDON,UK,EC1V 2NX
785,EASYCORE MEDIA LTD,KEMP HOUSE 152-160 CITY ROAD,LONDON,UK,EC1V 2NX
786,ECONWORKS LIMITED,"FIRST FLOOR, THAVIES INN HOUSE 3-4 HOLBORN CIRCUS",LONDON,UK,EC1N 2HA
787,EDART LIMITED,THIRD FLOOR 111 CHARTERHOUSE STREET,LONDON,UK,EC1M 6AW
788,ELECSERVICE LIMITED,15 BOWLING GREEN LANE ,LONDON,UK,EC1R 0BD
789,ENGAGEWITHIN LTD,KEMP HOUSE 160 CITY ROAD,LONDON,UK,EC1V 2NX
790,EUPING LIMITED,KEMP HOUSE 160 CITY ROAD,LONDON,UK,EC1V 2NX
791,FAST NETWORK DESIGNS LTD,KEMP HOUSE 152 CITY ROAD,LONDON,UK,EC1V 2NX
792,FASTPCS (UK) LTD,KEMP HOUSE 152 - 160 CITY ROAD,LONDON,UK,EC1V 2NX
793,FIVESKY LIMITED,KEMP HOUSE 152 CITY ROAD,LONDON,UK,EC1V 2NX
794,FLAMINGOS TECHNOLOGY SOLUTIONS UK PRIVATE LIMITED,KEMP HOUSE 160 CITY ROAD,LONDON,UK,EC1V 2NX
795,FURNISH.CO.UK LTD,34 NEW HOUSE 67-68 HATTON GARDEN,LONDON,UK,EC1N 8JY
796,GARDENIA-IT LIMITED,FLAT 281 ROSDEN HOUSE 372 OLD STREET,LONDON,UK,EC1V 9LT
797,GARYT LIMITED,KEMP HOUSE 160 CITY ROAD,LONDON,UK,EC1V 2NX
798,GATEKEEPER (G8) LTD,24 HOLBORN VIADUCT,LONDON|CITY OF LONDON,UK,EC1A 2BN
799,GET BUSINESS SERVICES LIMITED,4TH FLOOR 18 ST. CROSS STREET,LONDON,UK,EC1N 8UN
800,GROOVY GECKO LTD,2ND FLOOR 130 OLD STREET,LONDON,UK,EC1V 9BD
801,GS DUN LTD,INTERNATIONAL HOUSE 24 HOLBORN VIADUCT,LONDON,UK,EC1A 2BN
802,HALLWAY STUDIOS LIMITED,THE TRAMPERY 239 OLD STREET,LONDON,UK,EC1V 9EY
803,HARMAN CONNECTED SERVICES UK LIMITED,DEVONSHIRE HOUSE 60 GOSWELL ROAD,LONDON,UK,EC1M 7AD
804,HCI GROUP UK LIMITED,GRESHAM HOUSE 24 HOLBORN VIADUCT,LONDON,UK,EC1A 2BN
805,HIGH RELEVANCE LIMITED,DEVONSHIRE HOUSE 60 GOSWELL ROAD,LONDON,UK,EC1M 7AD
806,HSD TECHNOLOGIES LIMITED,KEMP HOUSE 160 CITY ROAD,LONDON,UK,EC1V 2NX
807,HUBA DIGITAL LIMITED,30 CITY ROAD ,LONDON,UK,EC1Y 2AB
808,ICOMPLI LIMITED,KEMP HOUSE 152 CITY ROAD,LONDON,UK,EC1V 2NX
809,IKNOW SOLUTIONS UK LTD,150 ALDERSGATE STREET ,LONDON,UK,EC1A 4AB
810,INDIGO SQUARED LIMITED,SUITE 48 88-90 HATTON GARDEN,LONDON,UK,EC1N 8PN
811,INDUSTRIAL WINCH LTD,INTERNATIONAL HOUSE 24 HOLBORN VIADUCT,LONDON,UK,EC1A 2BN
812,INNOVIX LTD,OFFICE 36 88-90 HATTON GARDEN,LONDON,UK,EC1N 8PG
813,INTELLIGENT SOLUTIONS TECHNOLOGIES LIMITED,OFFICE 34 67-68 HATTON GARDEN,LONDON,UK,EC1N 8JY
814,INTERNET PROMOTION EUROPE LIMITED,DELTA SOLUTION TRADE CENTER HOLBORN,LONDON,UK,EC1N 8PG
815,INZU LIMITED,SUITE 48 88-90 HATTON GARDEN,LONDON,UK,EC1N 8PN
816,JAZZ SOFTWARE LIMITED,THIRD FLOOR 111 CHARTERHOUSE STREET,LONDON,UK,EC1M 6AW
817,K1 LIMANOWKA LTD,INTERNATIONAL HOUSE 24 HOLBORN VIADUCT,LONDON,UK,EC1A 2BN
818,L.E.D. PRODUCTIONS LIMITED,HIGGISON HOUSE 381-383 CITY ROAD,LONDON,UK,EC1V 1NW
819,LEARNING CONNEXIONS (UK) LTD.,5 5 ST JOHN'S LANE ,LONDON,UK,EC1M 4BH
820,LIFFEY LABS LIMITED,KEMP HOUSE 160 CITY ROAD,LONDON,UK,EC1V 2NX
821,LONDON DIGITALBEAMS LIMITED,KEMP HOUSE 152 CITY ROAD,LONDON,UK,EC1V 2NX
822,LTB DIGITAL LIMITED,KEMP HOUSE 160 CITY ROAD,LONDON,UK,EC1V 2NX
823,MACROLINK SOLUTIONS LTD,KEMP HOUSE 160 CITY ROAD,LONDON,UK,EC1V 2NX
824,MAGENCO LTD,KEMP HOUSE CITY ROAD ,LONDON,UK,EC1V
825,MAIDENHEAD BRIDGE LIMITED,KEMP HOUSE 160 CITY ROAD,LONDON,UK,EC1V 2NX
826,MARIUS DALEY LTD.,"KEMP HOUSE, 152 CITY ROAD",LONDON,UK,EC1V 2NX
827,MARKET APPEAL LIMITED,INTERNATIONAL HOUSE 24 HOLBORN VIADUCT,LONDON,UK,EC1A 2BN
828,MAXHILL CONSULTING LTD,145-157 ST JOHN STREET ,LONDON,UK,EC1V 4PW
829,MBTA LIMITED,FLAT E 48 CLERKENWELL CLOSE,LONDON,UK,EC1R 0AJ
830,METALUXO IT SECURITY LTD,24 HOLBORN VIADUCT ,LONDON,UK,EC1A 2BN
831,METHODS DIGITAL LIMITED,16 ST. MARTIN'S LE GRAND ,LONDON,UK,EC1A 4EN
832,METHODS ENTERPRISE LIMITED,16 ST. MARTIN'S LE GRAND ,LONDON,UK,EC1A 4EN
833,MICRO PHOENIX,KEMP HOUSE 152-160 CITY ROAD,LONDON,UK,EC1V 2NX
834,MIDDLE EAST CAREER LTD,MIDDLE EAST CAREER 152 KEMP HOUSE CITY ROAD,LONDON,UK,EC1V 2NX
835,MITHRA MEDIA LTD,INTERNATIONAL HOUSE 24 HOLBORN VIADUCT,LONDON,UK,EC1A 2BN
836,MIU NETWORK LTD,160 CITY ROAD KEMP HOUSE,LONDON,UK,EC1V 2NX
837,MULTIPLOGIC LIMITED,KEMP HOUSE 160 CITY ROAD,LONDON,UK,EC1V 2NX
838,MUNDUS LIMITED,THIRD FLOOR 111 CHARTERHOUSE STREET,LONDON,UK,EC1M 6AW
839,MYMALL LTD,KEMP HOUSE 160 CITY ROAD,LONDON,UK,EC1V 2NX
840,NCODER MEDIA SERVICES LIMITED,KEMP HOUSE 160 CITY ROAD,LONDON,UK,EC1V 2NX
841,NELLESYS LTD,KEMP HOUSE 160 CITY ROAD,LONDON,UK,EC1V 2NX
842,NEOPRAXIS LIMITED,INTERNATIONAL HOUSE 24 HOLBORN VIADUCT,LONDON,UK,EC1A 2BN
843,NETSTAR UK LTD,83 CLERKENWELL ROAD ,LONDON,UK,EC1R 5AG
844,NEWCOINCLUB LIMITED,KEMP HOUSE 160 CITY ROAD,LONDON,UK,EC1V 2NX
845,NIO INNOVATION LIMITED,40 HOLBORN VIADUCT ,LONDON,UK,EC1N 2PZ
846,NU INNOVATION LIMITED,2ND FLOOR 145-157 ST JOHN STREET,LONDON,UK,EC1V 4PY
847,OBAFORTE LIMITED,"KEMP HOUSE, 152 CITY ROAD",LONDON,UK,EC1V 2NX
848,ONLINUM LIMITED,KEMP HOUSE 160 CITY ROAD,LONDON,UK,EC1V 2NX
849,ORHAN IT SERVICES LTD.,INTERNATIONAL HOUSE 24 HOLBORN VIADUCT,LONDON|CITY OF LONDON,UK,EC1A 2BN
850,ORLON SOLUTIONS LTD,"KEMP HOUSE, 152 CITY ROAD",LONDON,UK,EC1V 2NX
851,PETCONNECT TECHNOLOGIES LIMITED,KEMP HOUSE 160 CITY ROAD,LONDON,UK,EC1V 2NX
852,POLMODE LIMITED,KEMP HOUSE 160 CITY ROAD,LONDON,UK,EC1V 2NX
853,PUZZLESTONE LIMITED,SUITE 48 88-90 HATTON GARDEN,LONDON,UK,EC1N 8PN
854,RAZOR AGENCY LIMITED,KEMP HOUSE 152 CITY ROAD,LONDON,UK,EC1V 2NX
855,REAPIT LIMITED,67 - 74 SAFFRON HILL ,LONDON,UK,EC1N 8QX
856,RECOGNITION ARTIST MANAGEMENT LIMITED,54 KINGSWAY PLACE SANS WALK,LONDON,UK,EC1R 0LU
857,RELOCATION LIMITED,3RD FLOOR 24 CHISWELL STREET,LONDON,UK,EC1Y 4YX
858,RIGHTS TRACKER LIMITED,80-83 LONG LANE ,LONDON,UK,EC1A 9ET
859,SCASASCIA LIMITED,8A WEST SMITHFIELD ,LONDON,UK,EC1A 9JR
860,SEARCH ENGINEERS LIMITED,KEMP HOUSE 160 CITY ROAD,LONDON,UK,EC1V 2NX
861,SEIDOR UK LTD,KEMP HOUSE 160 CITY ROAD,LONDON,UK,EC1V 2NX
862,SELECT CONSULTING PARTNERS LIMITED,INTERNATIONAL HOUSE 24 HOLBORN VIADUCT,LONDON,UK,EC1A 2BN
863,SERVERMASTER LTD,KEMP HOUSE 160 CITY ROAD,LONDON,UK,EC1V 2NX
864,SMALL WORLD SOLUTIONS LIMITED,"ST. MARTIN'S HOUSE, 16 ST. MARTIN'S LE GRAND",LONDON,UK,EC1A 4EN
865,SMART TRANSFER LIMITED,FINSGATE 5-7 CRANWOOD STREET,LONDON,UK,EC1V 9EE
866,SOLYARIS LTD,329A OLD STREET ,LONDON,UK,EC1V 9LE
867,SPORTMATE INT. LIMITED,INTERNATIONAL HOUSE HOLBORN VIADUCT,LONDON,UK,EC1A 2BN
868,STONEWALL IT SOLUTIONS LTD,KEMP HOUSE 160 CITY ROAD,LONDON,UK,EC1V 2NX
869,SUPERMICRO LIMITED,11TH FLOOR 200 ALDERSGATE STREET,LONDON,UK,EC1A 4HD
870,THE GDPR GROUP LIMITED,KEMP HOUSE 160 CITY ROAD,LONDON,UK,EC1V 2NX
871,TIEFNETZ LIMITED,KEMP HOUSE 160 CITY ROAD,LONDON,UK,EC1V 2NX
872,TIER 1 PUBLISHING LIMITED,UNIT 36 88-90 HATTON GARDEN HOLBORN,LONDON,UK,EC1N 8PN
873,TRANK TECHIES PRIVATE LIMITED,KEMP HOUSE 160 CITY ROAD,LONDON,UK,EC1V 2NX
874,TRANSGLOBE TRADING CORPORATION LIMITED,145-157 ST. JOHN STREET ,LONDON,UK,EC1V 4PY
875,TROENDLE LIMITED,KEMP HOUSE 152 CITY ROAD,LONDON,UK,EC1V 2NX
876,TURTL SURF &  IMMERSE LIMITED,KEMP HOUSE CITY ROAD,LONDON,UK,EC1V 2NX
877,ULTRARAPID LOCAL DELIVERY LTD,THIRD FLOOR 24 CHISWELL STREET,LONDON,UK,EC1Y 4YX
878,UNTESTED LIMITED,KEMP HOUSE 3RD FLOOR 135 160 CITY ROAD,LONDON,UK,EC1V 2DW
879,UPSHOT LIMITED,KEMP HOUSE 160 CITY ROAD,LONDON,UK,EC1V 2NX
880,URBAN INTELLIGENCE LTD,"603, 25B GOSWELL ROAD ",LONDON,UK,EC1M 7AJ
881,US COMPUTERS (UK) LIMITED,334 - 336 GOSWELL ROAD,LONDON,UK,EC1V 7RP
882,VELOCITI EUROPE LIMITED,MILTON GATE 60 CHISWELL STREET,LONDON,UK,EC1Y 4AG
883,VOIPEX LIMITED,1 CHARTERHOUSE MEWS ,LONDON,UK,EC1M 6BB
884,VUNGLE LIMITED,CLOVER HOUSE 147-149 FARRINGDON ROAD,LONDON,UK,EC1R 3AB
885,WALLEPT LTD,145-157 ST. JOHN STREET ,LONDON,UK,EC1V 4PW
886,WEBADELICA LTD,145-157 ST JOHN STREET ,LONDON,UK,EC1V 4PW
887,WEBJETS LIMITED,KEMP HOUSE CITY ROAD,LONDON,UK,EC1V 2NX
888,WHITE LIGHT TECHNOLOGY LTD,3RD FLOOR 111 CHARTERHOUSE STREET,LONDON,UK,EC1M 6AW
889,WIPSTY LTD,KEMP HOUSE 160 CITY ROAD,LONDON,UK,EC1V 2NX
890,WIRED CANVAS LIMITED,34 NEW HOUSE 67-68 HATTON GARDEN,LONDON,UK,EC1N 8JY
891,WISENS LIMITED,2ND FLOOR 145-157 ST.JOHN STREET,LONDON,UK,EC1V 4PY
892,WORIFY MEDIA LTD,KEMP HOUSE 160 CITY ROAD,LONDON,UK,EC1V 2NX
893,XANTURA LIMITED,3-11 PINE STREET ,LONDON,UK,EC1R 0JH
894,ZOEPROPERTY LTD,4TH FLOOR 18 ST. CROSS STREET,LONDON,UK,EC1N 8UN
895,ADEVANCE LTD,INTERNATIONAL HOUSE 24 HOLBORN VIADUCT,LONDON,UK,EC1A 2BN
896,AGILE KONSULT LIMITED,KEMP HOUSE 152 CITY ROAD,LONDON,UK,EC1V 2NX
897,ALLIED WARDEN MARKETING LIMITED,C/O TEMPLES KEMP HOUSE 152-160 CITY ROAD,LONDON,UK,EC1V 2NX
898,ANI ALEXANDER LTD,INTERNATIONAL HOUSE HOLBORN VIADUCT,LONDON|CITY OF LONDON,UK,EC1A 2BN
899,ANTLERE LIMITED,150 ALDERSGATE STREET ,LONDON,UK,EC1A 4AB
900,ANYTIME AROUND LTD,145-157 ST JOHN STREET ,LONDON,UK,EC1V 4PW
901,AUREOLIN CORPORATION LIMITED,145-157 ST JOHN STREET ,LONDON,UK,EC1V 4PY
902,AXTEK LTD,145-157 ST JOHN STREET ,LONDON,UK,EC1V 4PW
903,BIG DATA PARTNERSHIP LIMITED,JEFFREYS HENRY LLP FINSGATE 5-7 CRANWOOD STREET,LONDON,UK,EC1V 9EE
904,BIMOPS LTD,KEMP HOUSE 160 CITY ROAD,LONDON,UK,EC1V 2NX
905,BLUE-CANOE LIMITED,KEMP HOUSE 160 CITY ROAD,LONDON,UK,EC1V 2NX
906,CHAINSIDE LTD,KEMP HOUSE 160 CITY ROAD,LONDON,UK,EC1V 2NX
907,CHINA GREAT FIRE WALL NETWORK LIMITED,160 KEMP HOUSE CITY ROAD,LONDON,UK,EC1V 2NX
908,CHOICE WHEEL LTD,145-157 ST JOHN STREET ,LONDON,UK,EC1V 4PW
909,CYBER-GUARD ENTERPRISE LTD,INTERNATIONAL HOUSE 24 HOLBORN VIADUCT,LONDON,UK,EC1A 2BN
910,DEV4BB LIMITED,82 ST JOHN STREET ,LONDON,UK,EC1M 4JN
911,DIGITAL TACTICS INFRASTRUCTURE LTD,FINSGATE 5-7 CRANWOOD STREET,LONDON,UK,EC1V 9EE
912,DOMAIN CORP LTD,KEMP HOUSE 152 - 160 CITY ROAD,LONDON,UK,EC1V 2NX
913,DTS SOLUTION - CYBER SECURITY LIMITED,KEMP HOUSE 160 CITY ROAD,LONDON,UK,EC1V 2NX
914,DUFTAR LIMITED,KEMP HOUSE 160 CITY ROAD,LONDON,UK,EC1V 2NX
915,EPIPHYTE (UK) LTD,150 CITY ROAD FIRST FLOOR,LONDON,UK,EC1V 2NL
916,ETHICA INTERNET LTD,KEMP HOUSE 160 CITY ROAD,LONDON,UK,EC1V 2NX
917,EUSTON CONSULTANCY SERVICES LTD,FINSGATE 5-7 CRANWOOD STREET,LONDON,UK,EC1V 9EE
918,F2 CONSULTANTS LIMITED,THIRD FLOOR 111 CHARTERHOUSE STREET,LONDON,UK,EC1M 6AW
919,G1ANT LTD,101 CLERKENWELL ROAD ,LONDON,UK,EC1R 5BX
920,GLOBAL BIZZ SERVICES LIMITED,KEMP HOUSE 160 CITY ROAD,LONDON,UK,EC1V 2NX
921,HIERARCHY CONSULTING LIMITED,152 KEMP HOUSE 152-160 CITY ROAD,LONDON,UK,EC1V 2NX
922,HUBJET LIMITED,145-157 ST JOHN STREET ,LONDON,UK,EC1V 4PW
923,IKERTON LTD,FLAT 6 MONTGOMERY BUILDINGS 81-89 FARRINGDON ROAD,LONDON,UK,EC1M 3LL
924,INDUS GLOBAL CORP LTD,KEMP HOUSE 160 CITY ROAD,LONDON,UK,EC1V 2NX
925,INNOVATIVE INTERFACES INTERNATIONAL LIMITED,11TH FLOOR 200 ALDERSGATE STREET,LONDON,UK,EC1A 4HD
926,INNOVATIVE INTERFACES LIMITED,11TH FLOOR 200 ALDERSGATE STREET,LONDON,UK,EC1A 4HD
927,INSTASMART SOFTWARE SOLUTIONS LIMITED,KEMP HOUSE 160 CITY ROAD,LONDON,UK,EC1V 2NX
928,ITCSS (IT CONSULTING SUPPORT &  STRATEGIES) LTD,34 NEW HOUSE 67-68 HATTON GARDEN,LONDON,UK,EC1N 8JY
929,JAYS SYSTEMS LTD,34 NEW HOUSE 67-68 HATTON GARDEN,LONDON,UK,EC1N 8JY
930,JMLNET LTD,INTERNATIONAL HOUSE 24 HOLBORN VIADUCT,LONDON,UK,EC1A 2BN
931,JOUPLE LIMITED,KEMP HOUSE 160 CITY ROAD,LONDON,UK,EC1V 2NX
932,LOST PIXELS LIMITED,KEMP HOUSE 160 CITY ROAD,LONDON,UK,EC1V 2NX
933,MAKE IT PROFESSIONAL LTD,INTERNATIONAL HOUSE 24 HOLBORN VIADUCT,LONDON,UK,EC1A 2BN
934,MATSON DIGITAL LTD,SUITE 15922 LOWER GROUND FLOOR 145-157 ST JOHN STREET,LONDON,UK,EC1V 4PW
935,MAXOFT LIMITED,KEMP HOUSE 160 CITY ROAD,LONDON,UK,EC1V 2NX
936,MINDVIEW CONSULTING LIMITED,KEMP HOUSE 152 CITY ROAD,LONDON,UK,EC1V 2NX
937,MORGAN BROOKS SERVICES LTD,"INTERNATIONAL HOUSE, 24 HOLBORN VIADUCT",LONDON,UK,EC1A 2BN
938,MTG ENTERPRISE LIMITED,145-157 ST JOHN STREET ,LONDON,UK,EC1V 4PW
939,NEW CRANE LIMITED,3-7 HERBAL HILL ,LONDON,UK,EC1R 5EJ
940,OCTAVIAN TECHNOLOGY LTD,145-157 ST JOHN STREET ,LONDON,UK,EC1V 4PW
941,PERSEA TECHNOLOGIES LIMITED,145-157 ST JOHN STREET ,LONDON,UK,EC1V 4PW
942,QUALITY GOODS &  SERVICES LTD,INTERNATIONAL HOUSE 24 HOLBORN VIADUCT,LONDON,UK,EC1A 2BN
943,REDMAIN SOLUTIONS LTD,80 -83 LONG LANE ,LONDON,UK,EC1A 9ET
944,REDSHIFT TECHNOLOGIES LIMITED,KEMP HOUSE 160 CITY ROAD,LONDON,UK,EC1V 2NX
945,REDSTONE CONVERGED SOLUTIONS LIMITED,40 HOLBORN VIADUCT ,LONDON,UK,EC1N 2PB
946,SAFEGUARD IT LIMITED,KEMP HOUSE 152 - 160 CITY ROAD,LONDON,UK,EC1V 2NX
947,SHOOT ME LIMITED,C/O. TOBIN ASSOCIATES LIMITED 4TH FLOOR 63 - 66 HATTON GARDEN,LONDON,UK,EC1N 8LE
948,SIGNATURE NETWORK SOLUTIONS LIMITED,KEMP HOUSE 152 TO 160 CITY ROAD,LONDON,UK,EC1V 2NX
949,SIMPLEWORKS INT. LIMITED,SUITE 48 88-90 HATTON GARDEN,LONDON,UK,EC1N 8PN
950,SMARTMED GLOBAL LIMITED,KEMP HOUSE 152 CITY ROAD,LONDON,UK,EC1V 2NX
951,SOFTIMPEX LTD.,3RD FLOOR 49 FARRINGDON ROAD,LONDON,UK,EC1M 3JP
952,SONERA CORPORATIVE LTD.,3RD FLOOR 49 FARRINGDON ROAD LONDON,LONDON,UK,EC1M 3JP
953,SPARTALINK LTD,CRUSADER HOUSE 145-157 ST. JOHN STREET SUITE 13511,LONDON,UK,EC1V 4PY
954,SPECIALIST COMPUTER SOFTWARE LIMITED,KEMP HOUSE 160 CITY ROAD,LONDON,UK,EC1V 2NX
955,SS&C SOLUTIONS LIMITED,1 ST. MARTIN'S LE GRAND ,LONDON,UK,EC1A 4AS
956,SYNATEL LIMITED,2ND FLOOR 145-157 ST JOHN STREET,LONDON,UK,EC1V 4PY
957,TECHXCHANGE CONSULTING LIMITED,KEMP HOUSE 160 CITY ROAD,LONDON,UK,EC1V 2NX
958,TEKMONKS LTD,TEKMONKS KEMP HOUSE 152 CITY ROAD,LONDON,UK,EC1V 2NX
959,TOTAL SYSTEMS PLC,394 CITY ROAD,LONDON,UK,EC1V 2QA
960,TRADERSERVE LIMITED,12-16 LAYSTALL STREET CLERKENWELL,LONDON,UK,EC1R 4PF
961,UNIGRAND TECHNOLOGY LIMITED,4TH FLOOR 107 CHARTERHOUSE STREET,LONDON|ENGLAND,UK,EC1M 6HW
962,UTD. BY CONTENT UK LIMITED,79 CLERKENWELL ROAD ,LONDON,UK,EC1R 5AR
963,VELO PRODUCTION LTD,329A OLD STREET ,LONDON,UK,EC1V 9LE
964,VENTURE SYSTEMS LIMITED,150 ALDERSGATE STREET ,LONDON,UK,EC1A 4AB
965,VIVID BLOCK LIMITED,KEMP HOUSE 160 CITY ROAD,LONDON,UK,EC1V 2NX
966,VYCRON DESIGN LIMITED,15 BOWLING GREEN LANE ,LONDON,UK,EC1R 0BD
967,YOUNG ROBOT LTD,INTERNATIONAL HOUSE 24 HOLBORN VIADUCT,LONDON,UK,EC1A 2BN
968,'RIMS ENTERPRISE SOLUTIONS LTD,38 MOUNT STREET ,ABERDEEN,UK,AB25 2QT
969,*+ LTD,ENTERPRISE COURT DOWNMILL ROAD,BRACKNELL,UK,RG12 1QS
970,01 TELECOM LTD,THE OLD FACTORY 30-31 DEVONSHIRE PLACE,BRIGHTON|EAST SUSSEX,UK,BN2 1QB
971,01SOLUTION LTD,1417/1419 LONDON ROAD NORBURY,LONDON,UK,SW16 4AH
972,08845746 LTD,58 BULSTRODE AVENUE ,HOUNSLOW|MIDDLESEX,UK,TW3 3AD
973,0902 LIMITED,7 ST JOHN'S ROAD ,HARROW|MIDDLESEX,UK,HA1 2EY
974,0PT1MATES LTD.,UNIT 11 HOVE BUSINESS CENTRE FONTHILL ROAD,HOVE|EAST SUSSEX,UK,BN3 6HA
975,0TENTIC8 LIMITED,10 FINSBURY SQUARE ,LONDON,UK,EC2A 1AF
976,1 B C LTD,79 STANLEY AVENUE ,ROMFORD,UK,RM2 5DJ
977,1 CHOICE INTERNET LIMITED,5 BEACON CLOSE FARNHAM,SURREY,UK,GU10 4PA
978,1 MEDIA LIMITED,UNIT 3A KIRKBY LONSDALE BUSINESS PARK KIRKBY LONSDALE,CARNFORTH|LANCASHIRE,UK,LA6 2GT
979,1 MINUS 1 LIMITED,MOLEX HOUSE THE MILLENNIUM CENTRE CROSBY WAY,FARNHAM|SURREY,UK,GU9 7XX
980,1 ONION LTD,53 BALHAM GROVE,LONDON,UK,SW12 8AZ
981,1 STOP WEB LIMITED,239 ILFORD LANE ,ILFORD|ESSEX,UK,IG1 2SB
982,1&1 INTERNET LIMITED,DISCOVERY HOUSE 154 SOUTHGATE STREET,GLOUCESTER|GLOUCESTERSHIRE,UK,GL1 2EX
983,10 CREATIVE LTD,28 WIMPOLE ROAD GREAT EVERSDEN,CAMBRIDGE,UK,CB23 1HR
984,10 DIGITAL LADIES LIMITED,48 DEFOE ROAD ,LONDON,UK,N16 0EH
985,10 SQUARE LIMITED,"SUITE 1, ARMCON BUSINESS PARK LONDON ROAD SOUTH POYNTON",STOCKPORT|CHESHIRE,UK,SK12 1LQ
986,10000 VOLT TECHNOLOGIES LIMITED,1ST FLOOR 314 REGENTS PARK ROAD FINCHLEY,LONDON,UK,N3 2LT
987,10001 LIMITED,19 REDDOWN ROAD ,COULSDON|SURREY,UK,CR5 1AN
988,1001 VM LIMITED,169 SEABANK ROAD WALLASEY,MERSEYSIDE,UK,CH45 7QL
989,100STARLINGS LIMITED,DEVONSHIRE HOUSE 582 HONEYPOT LANE,STANMORE|MIDDLESEX,UK,HA7 1JS
990,100X TECH LTD,UNIT 11 HOVE BUSINESS CENTRE FONTHILL ROAD,HOVE|EAST SUSSEX,UK,BN3 6HA
991,101 CAD LTD,92A STATION ROAD ,LEIGH-ON-SEA|ESSEX,UK,SS9 1SU
992,101 IT LIMITED,30 MARKET PLACE SWAFFHAM,NORFOLK,UK,PE37 7QH
993,101 NET SOLUTIONS LTD,"THE OLD BANK, 205 - 207 HIGH STREET, COTTENHAM",CAMBRIDGE,UK,CB24 8RX
994,101 SOLUTIONS LIMITED,45-47 HIGH STREET 2ND FLOOR,COBHAM|SURREY,UK,KT11 3DP
995,101 SYSTEM WORKS LTD,101 ORCHARD ROAD ERDINGTON,BIRMINGHAM,UK,B24 9JE
996,101 WEB LIMITED,"17 MIDLAND COURT, STATION APPROACH, OAKHAM",RUTLAND,UK,LE15 6RA
997,101DOMAIN LIMITED,C/O FLETCHER KENNEDY LIMITED 72 HIGH STREET,HASLEMERE|SURREY,UK,GU27 2LA
998,101SMART LIMITED,UNIT 15 BEECH AVENUE TAVERHAM,NORWICH|NORFOLK,UK,NR8 6HW
999,1045 DESIGN STUDIOS LTD,"10TH FLOOR, K &amp; B ACCOUNTANCY GROUP ONE CANADA SQUARE CANARY WHARF",LONDON,UK,E14 5AA
1000,10DUKE SOFTWARE LTD.,2 WATER LANE ,LONDON,UK,NW1 8NZ